heat_no,cao (Slag),feo (Slag),sio2 (Slag),mgo (Slag),al2o3 (Slag),p2o5 (Slag),mno (Slag),b2 (Slag),b3 (Slag),b4 (Slag),Slag_labels
4024660,22.5,37.1,20.9,9.5,4.1,0.8,0.177,1.08,0.9,1.28,2
4024665,22.6,38.6,19.5,9.6,3.8,0.732,0.173,1.16,0.97,1.38,2
4024670,21.8,39.7,19.2,9.7,3.8,0.658,0.183,1.14,0.95,1.37,2
4024675,23.1,34.2,22.1,10.4,4.6,0.805,0.181,1.05,0.87,1.25,2
4024680,26.9,26.9,24.6,10.8,5.1,0.864,0.201,1.09,0.91,1.27,3
4024685,26.2,30.6,22.3,10.7,4.4,0.783,0.214,1.17,0.98,1.38,3
4024690,25.3,33.6,20.7,10.6,4.1,0.813,0.172,1.22,1.02,1.45,2
4024695,22.7,39.3,19.0,9.6,4.1,0.756,0.178,1.19,0.98,1.4,2
4024700,25.6,33.3,21.3,9.7,4.5,0.852,0.185,1.2,0.99,1.37,2
4024710,24.8,28.6,23.7,12.2,4.9,0.708,0.224,1.05,0.87,1.29,3
4024715,22.0,37.8,20.5,9.6,4.3,0.784,0.175,1.07,0.89,1.27,2
4024720,32.1,16.8,27.7,12.1,5.5,0.743,0.195,1.16,0.97,1.33,3
4024725,33.2,16.0,27.8,12.2,5.1,0.865,0.179,1.19,1.01,1.38,3
4024730,27.0,26.9,24.1,11.5,4.9,0.754,0.184,1.12,0.93,1.33,3
4024735,26.3,29.3,23.2,10.8,4.7,0.808,0.18,1.13,0.94,1.33,3
4024739,24.5,36.2,20.2,9.2,4.0,0.791,0.178,1.21,1.01,1.39,2
4024740,26.1,31.7,22.2,9.8,4.5,0.846,0.183,1.18,0.98,1.34,3
4024741,30.0,22.3,26.0,10.9,5.1,0.738,0.195,1.15,0.96,1.32,3
4024742,27.0,26.4,24.8,11.0,5.0,0.715,0.19,1.09,0.91,1.28,3
4024745,26.2,29.7,23.1,10.5,4.7,0.776,0.18,1.13,0.94,1.32,3
4024770,27.4,25.0,25.4,10.7,5.7,0.829,0.293,1.08,0.88,1.23,3
4024780,30.3,21.1,26.3,11.1,5.6,0.718,0.263,1.15,0.95,1.3,3
4024783,29.1,24.6,24.6,11.0,4.9,0.791,0.182,1.18,0.99,1.36,3
4024785,28.2,27.1,23.9,10.6,4.9,0.811,0.182,1.18,0.98,1.35,3
4024789,26.8,32.4,21.2,9.4,4.2,0.771,0.863,1.26,1.06,1.43,2
4024790,29.2,27.0,23.1,10.3,4.8,0.811,0.505,1.26,1.05,1.42,0
4024792,26.6,33.0,20.6,9.3,4.3,0.763,0.654,1.29,1.07,1.44,2
4024795,29.3,22.7,25.3,11.9,5.1,0.775,0.207,1.16,0.96,1.36,3
4024800,29.2,24.1,24.6,11.5,4.9,0.84,0.264,1.19,0.99,1.38,3
4024805,27.6,25.9,24.6,10.1,5.3,0.875,0.736,1.12,0.92,1.26,3
4024806,30.2,30.2,20.7,8.8,4.1,0.962,0.261,1.46,1.22,1.57,0
4024808,29.0,31.7,20.2,9.1,4.1,0.826,0.296,1.44,1.19,1.57,0
4024815,26.1,36.4,18.3,9.6,3.6,0.882,0.2,1.43,1.19,1.63,2
4024820,26.6,37.0,17.8,9.5,3.6,0.886,0.198,1.49,1.24,1.69,2
4024825,24.0,41.3,16.3,9.2,3.4,0.87,0.158,1.47,1.22,1.69,2
4024827,22.9,42.6,15.8,9.6,3.6,0.759,0.154,1.45,1.18,1.68,2
4024835,22.8,44.3,15.0,8.3,3.4,0.676,0.657,1.52,1.24,1.69,2
4024840,22.8,44.9,14.9,8.4,3.2,0.684,0.544,1.53,1.26,1.72,2
4024855,23.5,41.2,17.1,8.9,3.4,0.655,0.614,1.37,1.15,1.58,2
4024875,25.8,35.8,19.0,9.4,3.8,0.793,0.541,1.36,1.13,1.54,2
4024882,31.1,22.9,25.6,10.0,4.6,1.002,0.189,1.21,1.03,1.36,3
4024883,25.6,34.9,20.6,9.4,3.9,0.925,0.162,1.24,1.04,1.43,2
4024884,24.4,35.0,21.1,9.9,4.0,0.94,0.167,1.16,0.97,1.37,2
4024885,23.2,39.6,18.8,9.2,3.6,0.95,0.163,1.23,1.04,1.45,2
4024890,30.4,25.3,23.1,11.1,4.2,0.999,0.151,1.32,1.11,1.52,0
4024895,32.9,20.1,25.4,11.2,4.6,0.934,0.199,1.3,1.1,1.47,3
4024900,32.4,19.4,26.8,10.3,5.2,0.818,0.234,1.21,1.01,1.33,3
4024905,29.5,26.8,22.7,10.7,4.4,0.827,0.208,1.3,1.09,1.48,0
4024911,26.2,31.4,22.1,10.4,4.0,0.841,0.171,1.19,1.0,1.4,2
4024915,26.6,32.0,22.2,9.7,4.1,0.813,0.168,1.2,1.01,1.38,3
4024920,26.8,32.0,21.7,9.8,4.2,0.832,0.175,1.24,1.03,1.41,0
4024922,26.0,36.6,19.1,8.9,3.8,0.778,0.191,1.36,1.14,1.52,2
4024923,25.5,36.0,19.6,9.1,4.0,0.846,0.175,1.3,1.08,1.47,2
4024924,23.1,41.6,17.2,8.7,3.5,0.722,0.426,1.34,1.12,1.54,2
4024927,19.0,46.9,16.4,8.9,3.4,0.645,0.17,1.16,0.96,1.41,2
4024928,21.3,44.7,16.6,8.4,3.5,0.8,0.157,1.28,1.06,1.48,2
4024932,23.9,39.2,17.9,9.6,3.7,0.808,0.162,1.34,1.11,1.55,2
4024933,23.2,39.2,18.0,10.3,3.8,0.791,0.164,1.29,1.06,1.54,2
4024935,21.7,44.0,16.1,9.1,3.2,0.726,0.174,1.35,1.12,1.6,2
4024937,21.0,44.9,16.1,8.6,3.6,0.771,0.162,1.3,1.07,1.5,2
4024939,22.0,41.9,17.2,9.5,3.5,0.778,0.161,1.28,1.06,1.52,2
4024941,21.3,44.3,16.0,9.3,3.4,0.749,0.163,1.33,1.1,1.58,2
4024947,23.6,40.8,18.5,7.6,3.8,0.78,0.163,1.28,1.06,1.4,2
4024948,23.3,39.4,18.2,9.5,3.8,0.859,0.165,1.28,1.06,1.49,2
4024950,25.7,32.8,21.5,9.9,4.4,0.758,0.183,1.2,0.99,1.37,2
4024955,25.6,35.0,20.1,10.0,4.0,0.798,0.169,1.27,1.06,1.48,2
4024960,23.4,38.8,19.3,9.5,3.7,0.821,0.163,1.21,1.02,1.43,2
4024965,24.6,39.1,18.3,9.0,3.7,0.741,0.168,1.34,1.12,1.53,2
4024975,24.5,36.3,20.1,9.7,4.1,0.79,0.179,1.22,1.01,1.41,2
4024977,24.8,36.9,19.3,9.7,4.0,0.765,0.192,1.28,1.06,1.48,2
4024978,22.7,44.0,15.8,8.5,3.6,0.711,0.16,1.44,1.17,1.61,2
4024980,23.3,40.3,17.3,9.8,4.0,0.761,0.166,1.35,1.09,1.55,2
4024982,23.4,38.4,18.8,9.7,4.2,0.841,0.205,1.24,1.02,1.44,2
4024983,23.0,38.6,18.8,10.3,4.0,0.757,0.167,1.22,1.01,1.46,2
4024990,22.5,42.7,16.5,9.3,3.4,0.707,0.159,1.36,1.13,1.6,2
4024995,22.3,43.4,16.1,9.2,3.3,0.722,0.164,1.39,1.15,1.62,2
4025000,20.4,45.4,15.9,9.5,3.3,0.697,0.148,1.28,1.06,1.56,2
4025004,21.0,46.6,14.5,8.7,3.5,0.681,0.208,1.45,1.17,1.65,2
4025010,19.8,47.0,16.2,8.0,3.3,0.686,0.198,1.22,1.02,1.43,2
4025015,18.0,49.7,14.7,8.8,3.1,0.676,0.138,1.22,1.01,1.51,2
4025020,21.7,43.2,17.5,8.4,3.6,0.765,0.153,1.24,1.03,1.43,2
4025025,22.0,44.3,16.5,8.3,3.4,0.796,0.173,1.33,1.11,1.52,2
4025030,26.0,37.8,17.6,9.3,3.6,0.823,0.216,1.48,1.23,1.67,2
4025035,28.2,28.5,22.7,10.2,4.5,0.755,0.241,1.24,1.04,1.41,3
4025040,25.9,32.9,20.5,10.8,4.0,0.779,0.192,1.26,1.06,1.5,2
4025045,19.8,46.8,15.8,8.6,3.3,0.711,0.168,1.25,1.04,1.49,2
4025046,25.5,32.0,20.6,12.1,4.2,0.748,0.188,1.24,1.03,1.52,2
4025047,25.0,35.1,19.5,10.7,4.0,0.814,0.172,1.28,1.06,1.52,2
4025048,27.4,30.2,21.6,10.9,4.2,0.781,0.186,1.27,1.06,1.48,0
4025060,27.9,28.2,22.8,11.0,4.5,0.862,0.188,1.22,1.02,1.42,3
4025065,28.2,27.0,23.5,11.2,4.6,0.834,0.2,1.2,1.0,1.4,3
4025075,30.5,21.8,25.5,11.0,5.2,0.806,0.224,1.2,0.99,1.35,3
4025080,29.9,23.8,25.0,10.6,4.9,0.745,0.225,1.2,1.0,1.35,3
4025085,27.7,27.3,23.2,11.5,4.6,0.842,0.181,1.19,1.0,1.41,3
4025095,28.3,28.3,22.7,10.5,4.5,0.869,0.215,1.25,1.04,1.43,3
4025100,28.3,27.0,23.6,10.7,4.6,0.84,0.221,1.2,1.0,1.38,3
4025103,29.4,24.5,24.7,10.6,4.9,0.835,0.185,1.19,0.99,1.35,3
4025104,27.4,32.7,20.6,9.9,4.0,0.822,0.157,1.33,1.11,1.52,2
4025110,32.1,20.4,24.7,12.3,4.8,0.885,0.165,1.3,1.09,1.51,3
4025115,29.5,27.3,22.8,10.2,4.5,0.876,0.19,1.29,1.08,1.45,0
4025120,27.1,23.9,26.4,11.3,5.8,0.598,0.248,1.03,0.84,1.19,3
4025125,26.9,25.5,25.0,11.7,5.0,0.782,0.181,1.08,0.9,1.29,3
4025135,27.7,29.1,22.5,10.2,4.6,0.89,0.179,1.23,1.02,1.4,3
4025138,29.8,23.6,26.1,9.4,5.0,0.936,0.192,1.14,0.96,1.26,3
4025140,28.1,27.5,24.5,9.4,4.8,0.882,0.199,1.15,0.96,1.28,3
4025145,26.2,30.6,22.7,10.1,4.4,0.848,0.179,1.15,0.97,1.34,3
4025146,29.2,27.1,22.8,10.6,4.3,0.898,0.178,1.28,1.08,1.47,0
4025147,28.2,30.0,22.3,9.4,4.2,0.874,0.169,1.26,1.06,1.42,0
4025150,25.9,30.6,22.7,10.6,4.5,0.846,0.179,1.14,0.95,1.34,3
4025151,25.8,32.9,21.7,9.8,4.2,0.812,0.17,1.19,1.0,1.37,2
4025153,25.4,30.1,23.1,11.1,4.7,0.839,0.178,1.1,0.91,1.31,3
4025155,27.3,30.7,22.4,9.7,4.3,0.897,0.168,1.22,1.02,1.39,0
4025160,29.3,27.3,22.7,10.4,4.4,0.938,0.174,1.29,1.08,1.47,0
4025163,28.8,23.8,25.3,11.2,5.1,0.76,0.218,1.14,0.95,1.32,3
4025165,28.0,27.5,23.2,10.6,4.8,0.856,0.189,1.21,1.0,1.38,3
4025169,26.6,29.8,23.4,10.3,4.5,0.861,0.178,1.14,0.95,1.32,3
4025170,23.5,35.3,20.9,10.7,4.0,0.804,0.174,1.12,0.94,1.37,2
4025174,24.8,33.0,21.5,10.7,4.6,0.85,0.178,1.15,0.95,1.36,2
4025180,23.9,34.7,20.6,11.0,4.2,0.856,0.174,1.16,0.96,1.41,2
4025188,25.5,30.5,23.2,10.5,4.5,0.807,0.195,1.1,0.92,1.3,3
4025190,24.6,32.8,22.2,10.3,4.3,0.752,0.202,1.11,0.93,1.32,2
4025193,25.3,28.5,24.5,11.0,4.9,0.775,0.194,1.03,0.86,1.23,3
4025195,24.1,33.7,21.8,10.2,4.5,0.813,0.182,1.11,0.92,1.3,2
4025199,24.2,33.7,22.1,9.9,4.3,0.779,0.179,1.1,0.92,1.29,2
4025200,23.0,36.1,21.0,9.9,4.3,0.823,0.177,1.1,0.91,1.3,2
4025203,25.6,30.3,23.0,10.3,4.8,0.91,0.2,1.11,0.92,1.29,2
4025205,26.4,30.5,22.3,10.5,4.5,0.874,0.186,1.18,0.99,1.38,3
4025207,27.0,28.7,23.4,10.3,4.8,0.868,0.194,1.15,0.96,1.32,3
4025210,24.5,31.7,23.0,10.4,4.5,0.89,0.195,1.07,0.89,1.27,2
4025215,26.6,30.5,22.2,10.6,4.4,0.834,0.264,1.2,1.0,1.4,3
4025217,25.0,33.1,21.5,10.8,4.1,0.832,0.205,1.16,0.98,1.4,2
4025220,24.8,31.9,22.9,10.3,4.5,0.92,0.191,1.08,0.91,1.28,2
4025224,25.3,32.3,21.9,10.5,4.4,0.926,0.221,1.16,0.96,1.36,2
4025225,28.4,24.1,25.1,11.2,5.4,0.977,0.299,1.13,0.93,1.3,3
4025229,28.4,25.8,24.4,10.9,4.8,0.955,0.244,1.16,0.97,1.35,3
4025230,29.2,25.0,24.7,10.4,5.0,0.926,0.233,1.18,0.98,1.33,3
4025233,27.2,28.0,23.2,11.3,4.7,0.913,0.207,1.17,0.97,1.38,3
4025235,26.0,29.2,23.1,11.6,4.6,0.884,0.197,1.13,0.94,1.36,3
4025245,26.4,31.3,21.7,10.1,4.6,0.801,0.217,1.22,1.0,1.39,3
4025250,24.5,32.8,21.8,10.4,4.5,0.88,0.213,1.12,0.93,1.33,2
4025255,25.1,29.0,24.0,11.7,4.7,0.832,0.2,1.05,0.87,1.28,3
4025257,29.2,23.4,25.1,11.7,4.8,0.91,0.209,1.16,0.98,1.37,3
4025260,29.8,22.9,25.1,11.6,5.0,0.923,0.215,1.19,0.99,1.38,3
4025262,29.5,22.3,25.6,11.7,5.1,0.97,0.217,1.15,0.96,1.34,3
4025274,23.3,35.4,21.4,10.2,4.2,0.782,0.166,1.09,0.91,1.31,2
4025275,23.8,35.4,21.1,9.8,4.4,0.8,0.175,1.13,0.93,1.32,2
4025279,21.7,39.8,19.2,9.7,3.9,0.731,0.163,1.13,0.94,1.36,2
4025280,22.5,37.0,20.8,9.9,4.1,0.707,0.201,1.08,0.9,1.3,2
4025285,24.3,33.7,21.8,9.8,4.5,0.819,0.203,1.11,0.92,1.3,2
4025290,22.4,37.3,20.5,9.9,4.1,0.791,0.191,1.09,0.91,1.31,2
4025293,27.8,28.9,23.2,9.6,4.4,1.014,0.176,1.2,1.01,1.36,3
4025295,26.3,31.4,22.1,10.0,4.3,0.955,0.19,1.19,1.0,1.37,2
4025298,29.1,27.4,23.0,9.9,4.7,0.925,0.206,1.27,1.05,1.41,3
4025300,25.1,31.5,22.3,10.9,4.5,0.915,0.211,1.12,0.93,1.34,2
4025305,24.9,32.7,21.6,10.8,4.4,0.831,0.214,1.15,0.96,1.37,2
4025307,23.6,35.6,20.4,10.4,4.3,0.904,0.204,1.16,0.96,1.38,2
4025314,25.0,33.0,21.1,11.1,4.2,0.774,0.18,1.18,0.99,1.43,2
4025315,24.6,31.8,22.3,11.2,4.5,0.861,0.182,1.1,0.92,1.34,2
4025316,22.9,35.3,20.6,11.4,4.1,0.884,0.192,1.11,0.93,1.39,2
4025320,22.6,35.5,20.6,11.5,4.1,0.871,0.182,1.1,0.91,1.38,2
4025325,24.9,32.1,22.5,10.0,4.6,0.884,0.211,1.11,0.92,1.29,2
4025329,24.0,32.9,21.7,11.0,4.4,0.906,0.214,1.11,0.92,1.34,2
4025330,23.8,33.1,21.8,11.0,4.4,0.909,0.222,1.09,0.91,1.33,2
4025335,21.5,39.2,19.7,9.7,4.0,0.869,0.226,1.09,0.91,1.32,2
4025340,21.0,41.3,19.1,9.0,3.8,0.864,0.191,1.1,0.92,1.31,2
4025343,21.1,40.7,19.6,8.9,3.9,0.848,0.175,1.08,0.9,1.28,2
4025350,20.9,43.2,17.2,9.7,3.5,0.822,0.213,1.22,1.01,1.48,2
4025355,23.9,36.5,20.1,9.8,4.2,0.862,0.196,1.19,0.98,1.39,2
4025370,22.2,38.9,19.5,9.9,4.1,0.764,0.205,1.14,0.94,1.36,2
4025375,23.2,37.7,19.5,10.1,3.9,0.841,0.248,1.19,0.99,1.42,2
4025378,22.8,37.6,19.7,10.4,4.0,0.82,0.224,1.16,0.96,1.4,2
4025380,21.9,40.0,18.7,10.3,3.7,0.825,0.186,1.17,0.98,1.44,2
4025383,22.1,37.4,20.3,10.6,4.2,0.865,0.201,1.09,0.9,1.33,2
4025385,23.4,37.9,18.6,10.6,3.9,0.802,0.394,1.26,1.04,1.51,2
4025390,23.0,36.9,18.5,12.7,3.7,0.799,0.191,1.24,1.04,1.61,2
4025395,21.5,39.7,19.0,10.0,4.1,0.8,0.195,1.13,0.93,1.36,2
4025400,25.3,31.3,23.1,9.8,4.5,0.902,0.188,1.1,0.92,1.27,2
4025405,25.9,26.9,25.0,11.3,5.1,0.802,0.208,1.04,0.86,1.24,3
4025410,25.7,29.3,24.0,10.3,5.0,0.86,0.203,1.07,0.89,1.24,3
4025415,23.4,38.1,19.8,9.2,4.0,0.794,0.175,1.18,0.98,1.37,2
4025420,22.5,35.9,22.8,8.6,4.6,0.785,0.183,0.99,0.82,1.14,2
4025423,26.9,26.2,25.4,10.7,5.2,0.822,0.187,1.06,0.88,1.23,3
4025425,24.6,31.8,22.8,10.4,4.7,0.855,0.191,1.08,0.89,1.27,2
4025428,23.7,32.2,23.0,10.8,4.7,0.757,0.184,1.03,0.86,1.25,3
4025434,26.5,26.4,25.6,10.7,5.0,0.872,0.235,1.04,0.87,1.22,3
4025435,27.4,24.2,25.9,11.4,5.4,0.724,0.22,1.06,0.88,1.24,3
4025437,27.2,26.5,25.0,10.6,5.0,0.81,0.223,1.09,0.91,1.26,3
4025440,26.8,27.4,24.5,10.7,4.9,0.78,0.204,1.09,0.91,1.28,3
4025445,30.3,18.9,27.3,12.3,5.4,0.938,0.202,1.11,0.93,1.3,3
4025448,31.5,19.6,26.5,11.5,5.2,0.926,0.194,1.19,0.99,1.36,3
4025450,27.4,28.9,25.6,11.8,0.5,0.932,0.204,1.07,1.05,1.5,2
4025452,27.8,23.3,25.8,12.1,5.3,0.781,0.197,1.08,0.89,1.28,3
4025455,27.0,25.3,25.1,11.7,5.3,0.807,0.208,1.08,0.89,1.27,3
4025457,23.0,32.6,23.9,10.2,4.8,0.764,0.204,0.96,0.8,1.16,2
4025460,24.1,32.4,23.1,10.3,4.6,0.846,0.192,1.04,0.87,1.24,2
4025461,20.8,38.3,21.5,9.3,4.2,0.772,0.177,0.97,0.81,1.17,2
4025465,22.1,35.9,21.9,9.7,4.5,0.808,0.181,1.01,0.84,1.2,2
4025467,20.7,37.7,22.0,9.4,4.3,0.732,0.175,0.94,0.79,1.14,2
4025470,24.5,33.2,22.1,9.9,4.4,0.804,0.175,1.11,0.92,1.3,2
4025472,21.5,36.7,22.0,9.7,4.3,0.79,0.169,0.98,0.82,1.19,2
4025475,23.8,33.1,22.2,10.5,4.5,0.847,0.182,1.07,0.89,1.28,2
4025480,23.9,31.2,23.9,10.5,4.9,0.753,0.198,1.0,0.83,1.19,3
4025484,24.0,32.1,22.1,11.3,4.8,0.811,0.188,1.09,0.89,1.31,2
4025485,24.5,31.9,22.4,11.0,4.5,0.835,0.176,1.09,0.91,1.32,2
4025488,24.0,31.8,23.4,10.8,4.5,0.745,0.182,1.03,0.86,1.25,3
4025490,23.9,33.3,22.5,10.4,4.4,0.834,0.174,1.06,0.89,1.28,2
4025495,25.9,29.0,24.0,10.5,4.9,0.868,0.209,1.08,0.9,1.26,3
4025500,27.0,26.8,24.8,10.5,5.3,0.872,0.205,1.09,0.9,1.25,3
4025503,24.5,28.8,24.6,11.5,5.1,0.758,0.183,1.0,0.82,1.21,3
4025505,22.8,34.2,22.5,9.9,5.1,0.755,0.254,1.01,0.83,1.18,2
4025510,21.1,37.8,21.5,9.9,4.1,0.82,0.168,0.98,0.82,1.21,2
4025518,21.3,39.7,19.6,9.9,3.9,0.789,0.222,1.09,0.91,1.33,2
4025520,23.2,38.2,19.8,9.4,3.8,0.792,0.186,1.17,0.98,1.38,2
4025523,20.5,39.2,20.7,9.9,4.1,0.788,0.175,0.99,0.83,1.23,2
4025525,21.6,35.1,22.4,10.3,4.6,0.798,0.183,0.96,0.8,1.18,2
4025527,23.1,34.6,21.8,10.1,4.5,0.903,0.169,1.06,0.88,1.26,2
4025535,21.5,36.1,22.8,9.4,4.4,0.762,0.158,0.94,0.79,1.14,2
4025539,21.0,39.6,19.9,9.6,4.0,0.822,0.164,1.06,0.88,1.28,2
4025540,20.8,40.4,19.5,9.4,3.9,0.825,0.164,1.07,0.89,1.29,2
4025545,21.2,40.4,19.3,9.2,4.3,0.818,0.172,1.1,0.9,1.29,2
4025550,22.1,36.4,20.4,10.0,5.3,0.854,0.209,1.08,0.86,1.25,2
4025555,19.2,41.6,18.4,11.5,3.8,0.786,0.221,1.04,0.86,1.38,2
4025559,23.1,33.6,22.2,10.9,4.6,0.798,0.187,1.04,0.86,1.27,2
4025565,20.5,38.9,19.9,10.9,4.0,0.762,0.161,1.03,0.86,1.31,2
4025570,23.8,17.8,23.0,24.7,5.0,0.725,0.219,1.03,0.85,1.73,1
4025572,27.7,25.5,24.5,11.8,4.6,0.892,0.178,1.13,0.95,1.36,3
4025575,22.6,29.7,20.7,16.9,4.3,0.848,0.172,1.09,0.9,1.58,2
4025580,22.8,35.6,20.5,11.2,4.1,0.887,0.179,1.11,0.93,1.38,2
4025585,28.7,22.8,24.4,13.1,5.1,0.943,0.482,1.18,0.97,1.42,3
4025595,25.7,30.7,23.4,9.7,4.6,0.921,0.219,1.1,0.92,1.26,2
4025597,25.2,32.2,23.1,9.0,4.6,0.879,0.217,1.09,0.91,1.23,2
4025600,23.8,34.5,22.2,9.1,4.5,0.892,0.202,1.07,0.89,1.23,2
4025605,25.3,35.0,20.6,8.6,4.4,1.002,0.224,1.23,1.01,1.36,2
4025608,24.0,38.0,19.4,8.3,4.3,0.977,0.217,1.24,1.01,1.36,2
4025610,26.6,28.7,23.6,10.1,4.9,1.052,0.224,1.13,0.93,1.29,3
4025618,20.6,40.7,20.1,9.0,4.1,0.754,0.19,1.02,0.85,1.22,2
4025620,24.8,30.4,24.5,9.9,4.8,0.83,0.204,1.01,0.85,1.18,3
4025625,24.6,30.6,24.7,9.6,5.0,0.795,0.206,1.0,0.83,1.15,3
4025627,25.1,32.1,22.7,8.6,5.5,0.939,0.258,1.11,0.89,1.2,2
4025630,29.3,24.3,25.7,9.6,5.2,0.953,0.229,1.14,0.95,1.26,3
4025635,29.2,24.2,24.2,11.0,5.5,0.873,0.243,1.21,0.98,1.35,3
4025640,20.1,40.5,19.3,10.2,4.3,0.745,0.189,1.04,0.85,1.28,2
4025642,22.1,39.1,19.5,9.2,4.4,0.807,0.204,1.13,0.92,1.31,2
4025645,21.9,40.1,19.2,9.0,4.1,0.75,0.188,1.14,0.94,1.33,2
4025650,20.9,43.0,18.3,8.4,3.7,0.778,0.181,1.14,0.95,1.33,2
4025652,21.4,41.6,19.0,8.4,3.9,0.783,0.18,1.13,0.93,1.3,2
4025656,23.3,37.1,21.0,8.5,4.4,0.856,0.205,1.11,0.92,1.25,2
4025660,21.4,41.6,19.5,8.0,3.8,0.806,0.163,1.1,0.92,1.26,2
4025662,22.0,40.5,19.7,8.2,4.0,0.775,0.16,1.12,0.93,1.27,2
4025665,18.7,47.4,16.4,8.5,3.4,0.708,0.161,1.14,0.94,1.37,2
4025672,21.6,39.0,20.1,9.4,4.2,0.841,0.178,1.07,0.89,1.28,2
4025675,24.5,34.2,21.9,9.4,4.2,0.86,0.165,1.12,0.94,1.3,2
4025676,19.8,44.9,17.9,8.2,3.6,0.77,0.149,1.11,0.92,1.3,2
4025680,24.0,38.5,19.4,8.4,4.0,0.823,0.193,1.24,1.03,1.38,2
4025683,23.5,39.6,18.7,8.6,3.7,1.334,0.179,1.26,1.05,1.43,2
4025684,22.3,42.0,18.4,8.1,3.9,0.774,0.181,1.21,1.0,1.36,2
4025685,27.2,32.9,21.3,8.9,4.3,0.851,0.181,1.28,1.06,1.41,0
4025688,29.5,31.4,20.5,8.3,4.6,0.916,0.192,1.44,1.17,1.5,0
4025690,24.7,37.1,20.0,8.4,4.1,0.876,0.17,1.23,1.02,1.37,2
4025693,20.4,41.3,18.9,10.2,3.8,0.779,0.225,1.08,0.9,1.35,2
4025695,22.7,38.5,20.7,8.7,4.2,0.759,0.191,1.1,0.91,1.26,2
4025698,21.3,43.0,18.0,8.4,3.7,0.807,0.177,1.18,0.98,1.37,2
4025700,24.4,34.9,21.4,9.2,4.3,0.872,0.195,1.14,0.95,1.31,2
4025702,25.0,35.5,20.6,9.3,4.1,0.883,0.209,1.21,1.01,1.39,2
4025705,21.5,38.9,18.0,11.6,4.0,0.805,0.26,1.19,0.98,1.5,2
4025707,21.0,40.6,19.5,8.9,4.1,0.797,0.208,1.08,0.89,1.27,2
4025708,22.9,37.0,21.1,8.7,4.4,0.821,0.201,1.09,0.9,1.24,2
4025709,22.3,39.1,19.7,8.8,4.2,0.84,0.198,1.13,0.93,1.3,2
4025710,25.0,32.9,22.0,9.5,4.6,0.892,0.224,1.14,0.94,1.3,2
4025715,26.1,31.1,22.5,9.4,4.8,0.965,0.183,1.16,0.96,1.3,2
4025718,25.2,33.1,21.9,9.1,4.7,0.917,0.173,1.15,0.95,1.29,2
4025730,22.1,38.0,20.5,9.7,4.1,0.823,0.196,1.08,0.9,1.29,2
4025733,22.8,33.3,18.6,14.9,4.5,0.733,0.677,1.23,0.99,1.63,2
4025735,20.3,40.4,17.6,12.4,3.7,0.734,0.303,1.15,0.95,1.54,2
4025738,20.4,39.4,18.4,12.4,3.8,0.739,0.34,1.11,0.92,1.48,2
4025745,23.2,34.9,22.2,9.6,4.6,0.804,0.216,1.05,0.87,1.22,2
4025748,24.4,35.8,21.2,8.8,4.2,0.85,0.204,1.15,0.96,1.31,2
4025750,24.2,37.0,20.4,8.6,4.2,0.835,0.198,1.19,0.98,1.33,2
4025753,23.2,33.5,24.0,9.0,4.6,0.678,0.193,0.97,0.81,1.13,2
4025755,23.5,34.4,22.7,9.2,4.6,0.705,0.186,1.04,0.86,1.2,2
4025760,23.3,35.6,22.0,9.1,4.6,0.742,0.187,1.06,0.88,1.22,2
4025765,26.4,32.6,21.7,9.2,4.4,0.886,0.184,1.22,1.01,1.36,2
4025768,27.0,28.8,23.6,10.3,4.8,0.856,0.192,1.14,0.95,1.31,3
4025770,27.1,27.1,24.8,10.2,5.2,0.777,0.208,1.09,0.9,1.24,3
4025773,25.7,29.3,24.9,9.7,4.8,0.817,0.196,1.03,0.87,1.19,3
4025775,27.2,23.2,29.2,9.2,5.8,0.617,0.224,0.93,0.78,1.04,3
4025778,28.1,22.6,28.4,10.2,5.2,0.718,0.195,0.99,0.84,1.14,3
4025780,25.6,30.7,24.1,9.3,4.6,0.824,0.191,1.06,0.89,1.22,3
4025785,25.2,30.9,24.2,9.6,4.5,0.818,0.188,1.04,0.88,1.21,3
4025787,24.9,30.8,23.5,10.7,4.7,0.736,0.191,1.06,0.88,1.26,3
4025790,24.8,31.0,23.3,10.7,4.7,0.739,0.189,1.06,0.89,1.27,3
4025795,27.1,26.9,24.7,10.6,5.0,0.82,0.205,1.1,0.91,1.27,3
4025798,26.9,28.3,24.7,9.5,4.8,0.804,0.21,1.09,0.91,1.23,3
4025800,27.9,21.8,28.2,10.9,5.4,0.758,0.202,0.99,0.83,1.15,3
4025803,26.1,27.6,25.1,10.7,4.7,0.781,0.186,1.04,0.88,1.23,3
4025805,26.2,28.1,24.5,10.7,4.7,0.868,0.188,1.07,0.9,1.26,3
4025809,24.7,30.7,23.6,10.5,4.7,0.771,0.193,1.05,0.87,1.24,3
4025815,23.4,35.8,21.7,9.5,4.1,0.821,0.173,1.08,0.91,1.28,2
4025820,25.4,29.9,24.3,10.5,4.6,0.812,0.227,1.05,0.88,1.24,3
4025825,23.1,35.3,21.9,9.8,4.5,0.784,0.194,1.05,0.88,1.25,2
4025827,23.3,35.5,21.9,9.7,4.3,0.834,0.184,1.06,0.89,1.26,2
4025830,23.9,33.4,23.2,9.9,4.3,0.8,0.184,1.03,0.87,1.23,2
4025835,26.0,29.6,23.7,10.2,4.6,0.81,0.189,1.1,0.92,1.28,3
4025840,26.7,25.2,26.6,10.5,5.1,0.805,0.201,1.0,0.84,1.17,3
4025845,25.7,31.2,22.9,9.8,4.5,0.857,0.193,1.12,0.94,1.3,2
4025850,25.4,33.3,21.5,9.6,4.4,0.871,0.202,1.18,0.98,1.35,2
4025860,18.3,47.4,18.2,7.2,3.6,0.681,0.155,1.01,0.84,1.17,2
4025875,18.6,47.8,17.5,7.6,3.4,0.634,0.146,1.06,0.89,1.25,2
4025890,22.6,42.4,17.6,8.3,3.7,0.73,0.257,1.28,1.06,1.45,2
4025900,32.0,18.7,26.7,11.1,5.6,0.92,0.211,1.2,0.99,1.33,3
4025905,30.4,17.7,28.2,12.1,6.0,0.637,0.218,1.08,0.89,1.24,3
4025907,29.1,20.9,27.8,11.0,5.4,0.762,0.216,1.05,0.88,1.21,3
4025910,21.2,41.9,18.8,8.5,3.7,0.941,0.167,1.13,0.94,1.32,2
4025915,22.2,39.6,19.2,9.1,3.9,0.888,0.193,1.16,0.96,1.35,2
4025925,21.9,38.0,21.6,8.6,4.3,0.764,0.184,1.01,0.85,1.18,2
4025927,24.7,32.3,23.4,9.3,4.8,0.784,0.206,1.06,0.88,1.21,3
4025930,21.3,40.1,20.4,8.6,4.0,0.767,0.177,1.04,0.87,1.23,2
4025935,22.3,36.9,21.5,9.6,4.1,0.762,0.192,1.04,0.87,1.25,2
4025937,22.0,39.6,19.5,9.3,3.9,0.875,0.182,1.13,0.94,1.34,2
4025940,23.4,37.6,20.2,9.2,4.0,0.892,0.192,1.16,0.97,1.35,2
4025945,19.4,43.5,19.5,8.0,4.1,0.753,0.174,0.99,0.82,1.16,2
4025948,20.2,42.6,19.8,8.1,3.8,0.767,0.168,1.02,0.86,1.2,2
4025950,22.2,38.2,21.5,8.5,4.2,0.812,0.183,1.03,0.86,1.19,2
4025953,19.7,42.3,20.9,8.1,3.9,0.685,0.168,0.94,0.79,1.12,2
4025955,21.4,39.5,21.1,8.8,3.9,0.777,0.181,1.01,0.86,1.21,2
4025959,21.1,42.5,18.3,8.7,3.7,0.831,0.185,1.15,0.96,1.35,2
4025960,19.9,44.8,17.4,8.7,3.6,0.78,0.167,1.14,0.95,1.36,2
4025964,20.9,41.8,18.7,9.0,3.8,0.834,0.176,1.12,0.93,1.33,2
4025966,22.8,35.9,22.1,9.0,4.4,0.77,0.2,1.03,0.86,1.2,2
4025967,20.4,42.9,19.2,7.9,3.9,0.756,0.176,1.06,0.88,1.23,2
4025970,18.7,46.3,18.1,7.7,3.5,0.697,0.169,1.03,0.87,1.22,2
4025975,24.5,36.8,21.4,7.6,3.9,0.759,0.234,1.14,0.97,1.27,2
4025980,23.2,40.3,17.5,9.2,3.9,0.817,0.221,1.33,1.08,1.51,2
4025985,22.8,40.9,17.4,9.3,3.7,0.81,0.219,1.31,1.08,1.52,2
4025986,22.3,40.6,17.9,9.6,3.9,0.772,0.202,1.25,1.02,1.46,2
4025990,23.0,40.1,19.2,8.5,3.8,0.821,0.176,1.2,1.0,1.37,2
4026000,20.8,42.5,18.3,9.3,3.7,0.786,0.17,1.14,0.95,1.37,2
4026005,25.2,36.8,19.7,9.0,3.9,0.769,0.205,1.28,1.07,1.45,2
4026007,29.0,24.8,24.4,11.4,5.0,0.796,0.209,1.19,0.99,1.37,3
4026011,18.0,53.2,13.9,6.4,2.9,0.728,0.157,1.29,1.07,1.45,2
4026015,19.9,47.8,14.9,9.1,2.9,0.709,0.152,1.34,1.12,1.63,2
4026020,24.0,37.0,20.3,9.3,4.0,0.776,0.208,1.18,0.99,1.37,2
4026025,23.1,38.0,19.4,9.8,3.9,0.805,0.174,1.19,0.99,1.41,2
4026030,22.9,37.2,21.4,8.3,4.6,0.703,0.227,1.07,0.88,1.2,2
4026035,20.1,42.8,19.8,8.0,3.7,0.694,0.182,1.02,0.86,1.2,2
4026041,20.1,39.6,22.2,8.4,4.1,0.672,0.179,0.91,0.76,1.08,2
4026048,19.9,46.3,17.6,7.1,3.5,0.629,0.183,1.13,0.94,1.28,2
4026055,20.5,43.9,18.5,8.1,3.5,0.726,0.184,1.11,0.93,1.3,2
4026060,17.5,49.8,16.7,7.1,3.3,0.638,0.166,1.05,0.88,1.23,2
4026065,22.4,40.1,19.7,8.5,3.6,0.781,0.197,1.14,0.96,1.33,2
4026067,22.5,39.5,19.7,8.6,3.9,0.832,0.194,1.14,0.95,1.32,2
4026070,22.6,38.5,20.1,9.0,4.0,0.815,0.193,1.12,0.94,1.31,2
4026075,21.7,42.7,18.2,7.8,3.8,0.774,0.199,1.19,0.99,1.34,2
4026078,20.2,43.2,18.7,8.5,3.7,0.764,0.17,1.08,0.9,1.28,2
4026080,20.7,43.1,18.4,8.2,3.8,0.788,0.164,1.13,0.93,1.3,2
4026085,30.2,29.8,20.8,8.4,4.4,0.908,1.043,1.45,1.2,1.53,0
4026090,24.9,32.2,22.8,9.9,4.6,0.929,0.233,1.09,0.91,1.27,2
4026094,27.0,28.0,24.2,10.3,5.1,0.861,0.199,1.12,0.92,1.27,3
4026096,28.4,23.5,25.5,11.9,5.2,0.882,0.191,1.11,0.93,1.31,3
4026100,30.1,21.5,26.5,10.8,5.3,0.911,0.201,1.14,0.95,1.29,3
4026102,27.9,24.7,25.2,11.1,5.3,0.855,0.198,1.11,0.91,1.28,3
4026108,19.3,42.0,19.2,10.1,3.9,0.711,0.148,1.01,0.84,1.27,2
4026110,28.9,23.9,25.4,10.9,5.1,0.873,0.181,1.14,0.95,1.3,3
4026115,25.5,27.8,25.3,10.7,5.0,0.751,0.186,1.01,0.84,1.19,3
4026120,27.0,28.4,24.1,9.8,5.0,0.83,0.182,1.12,0.93,1.26,3
4026123,28.8,25.3,25.0,9.9,5.3,0.927,0.193,1.15,0.95,1.28,3
4026125,28.7,29.6,22.2,9.3,4.5,0.901,0.184,1.29,1.07,1.42,0
4026128,17.8,48.0,17.0,8.2,3.5,0.64,0.14,1.05,0.87,1.27,2
4026130,20.2,43.7,18.4,8.7,3.6,0.703,0.145,1.1,0.92,1.31,2
4026140,25.1,37.5,19.5,8.2,4.1,0.841,0.165,1.29,1.06,1.41,2
4026146,25.8,33.8,22.0,7.9,4.8,0.811,0.199,1.17,0.96,1.26,3
4026152,20.2,45.2,17.6,7.8,3.6,0.716,0.146,1.15,0.95,1.32,2
4026157,19.9,49.2,14.4,7.5,3.4,0.695,0.163,1.38,1.12,1.54,2
4026160,19.6,51.2,12.8,7.8,3.0,0.67,0.154,1.53,1.24,1.73,2
4026162,19.3,51.0,13.3,7.8,3.0,0.676,0.15,1.45,1.18,1.66,2
4026165,23.4,41.0,18.3,7.6,4.0,0.849,0.163,1.28,1.05,1.39,2
4026169,20.2,49.8,14.3,6.5,3.6,0.677,0.161,1.41,1.13,1.49,2
4026179,22.8,44.6,16.7,6.9,3.5,0.671,0.24,1.37,1.13,1.47,2
4026187,24.6,41.5,16.9,8.1,3.4,0.713,0.21,1.46,1.21,1.61,2
4026190,23.2,45.2,15.8,7.1,3.5,0.723,0.188,1.47,1.2,1.57,2
4026200,20.6,48.8,13.5,8.4,2.9,0.666,0.172,1.53,1.26,1.77,2
4026217,19.0,52.5,14.1,5.9,2.5,0.469,0.635,1.35,1.14,1.5,2
4026218,24.0,42.2,17.7,6.4,3.1,0.406,1.358,1.36,1.15,1.46,2
4026224,19.2,47.7,16.1,7.8,4.0,0.647,0.144,1.19,0.96,1.34,2
4026235,13.1,60.0,13.3,5.8,2.6,0.592,0.157,0.98,0.82,1.19,2
4026247,17.0,52.0,15.2,7.3,3.2,0.553,0.231,1.12,0.92,1.32,2
4026248,13.6,55.7,14.9,7.6,3.0,0.447,0.169,0.91,0.76,1.18,2
4026249,14.7,55.7,14.8,6.7,2.9,0.542,0.139,0.99,0.83,1.21,2
4026250,21.0,40.6,20.5,8.6,4.0,0.676,0.17,1.02,0.86,1.21,2
4026251,25.1,31.9,23.5,9.1,5.1,0.676,0.212,1.07,0.88,1.2,3
4026252,23.0,34.5,23.0,9.3,4.9,0.651,0.193,1.0,0.82,1.16,2
4026255,16.1,53.9,14.5,7.3,3.0,0.523,0.167,1.11,0.92,1.34,2
4026256,19.5,46.4,16.5,9.1,3.2,0.56,0.169,1.18,0.99,1.45,2
4026260,14.3,57.0,13.8,6.9,2.8,0.489,0.174,1.04,0.86,1.28,2
4026265,17.0,50.7,15.5,8.3,3.2,0.658,0.139,1.1,0.91,1.35,2
4026270,20.6,44.1,17.0,9.5,3.5,0.697,0.152,1.21,1.0,1.47,2
4026276,29.2,23.9,26.5,10.1,5.0,0.689,0.159,1.1,0.93,1.25,3
4026281,27.1,29.6,23.8,9.5,4.6,0.853,0.15,1.14,0.95,1.29,3
4026283,22.6,39.8,19.9,8.5,3.8,0.769,0.133,1.14,0.95,1.31,2
4026286,25.0,30.6,23.8,10.3,4.7,0.73,0.217,1.05,0.88,1.24,3
4026290,23.5,35.0,21.5,10.2,4.3,0.778,0.155,1.09,0.91,1.31,2
4026296,24.0,38.5,19.7,8.4,4.0,0.818,0.142,1.22,1.01,1.37,2
4026305,22.8,37.5,21.7,8.4,4.3,0.71,0.157,1.05,0.88,1.2,2
4026310,27.1,31.3,22.9,8.8,4.5,0.772,0.154,1.18,0.99,1.31,3
4026315,23.4,34.7,22.8,9.2,4.4,0.682,0.156,1.03,0.86,1.2,2
4026320,24.6,36.0,21.3,8.6,4.1,0.813,0.151,1.15,0.97,1.31,2
4026325,24.7,35.0,22.0,8.6,4.3,0.786,0.15,1.12,0.94,1.27,2
4026330,23.6,35.0,22.6,9.0,4.2,0.701,0.146,1.04,0.88,1.22,2
4026335,26.9,28.0,25.2,9.5,4.7,0.738,0.175,1.07,0.9,1.22,3
4026341,24.6,35.6,21.5,8.6,4.0,0.782,0.148,1.14,0.96,1.3,2
4026345,24.4,34.6,22.1,9.0,4.1,0.806,0.168,1.1,0.93,1.27,2
4026349,24.7,40.3,18.0,8.1,3.4,0.853,0.133,1.37,1.15,1.53,2
4026355,27.6,35.5,19.8,8.0,3.6,0.835,0.139,1.39,1.18,1.52,2
4026385,25.6,34.4,21.4,9.0,4.1,0.754,0.156,1.2,1.0,1.36,2
4026390,26.1,32.5,22.4,9.3,4.2,0.774,0.155,1.17,0.98,1.33,3
4026395,25.9,36.5,19.9,8.2,3.9,0.809,0.172,1.3,1.09,1.43,2
4026399,28.1,33.1,20.4,8.8,4.0,0.827,0.165,1.38,1.15,1.51,0
4026410,25.9,39.2,17.3,8.2,3.7,0.762,0.151,1.5,1.23,1.62,2
4026415,28.1,30.9,22.5,8.3,4.5,0.809,0.178,1.25,1.04,1.35,3
4026422,28.2,32.3,21.6,8.0,4.3,0.825,0.16,1.31,1.09,1.4,0
4026432,30.1,26.6,24.4,8.6,4.9,0.798,0.19,1.23,1.03,1.32,3
4026435,29.1,29.8,22.7,8.6,4.4,0.874,0.18,1.28,1.07,1.39,0
4026440,27.2,36.4,18.9,8.4,3.7,0.762,0.154,1.44,1.2,1.58,2
4026445,31.6,25.2,23.8,9.4,4.6,0.76,0.209,1.33,1.11,1.44,3
4026455,30.1,23.0,25.6,10.9,5.0,0.758,0.21,1.18,0.98,1.34,3
4026461,30.2,23.6,25.2,10.7,4.9,0.744,0.207,1.2,1.0,1.36,3
4026465,31.2,25.8,23.8,8.6,5.2,0.76,0.258,1.31,1.08,1.37,3
4026470,27.1,28.8,23.9,10.0,4.8,0.819,0.166,1.13,0.94,1.29,3
4026475,29.7,28.9,21.6,9.9,4.2,0.843,0.158,1.37,1.15,1.53,0
4026480,30.5,26.5,23.2,9.8,4.3,0.814,0.187,1.31,1.11,1.47,0
4026485,26.7,36.9,18.0,8.9,3.7,0.714,0.16,1.48,1.23,1.64,2
4026490,26.9,34.3,19.7,9.2,4.1,0.748,0.182,1.37,1.13,1.52,2
4026495,27.2,34.5,19.6,9.2,3.8,0.699,0.169,1.39,1.16,1.56,2
4026500,27.3,32.0,21.6,8.9,4.4,0.725,0.212,1.26,1.05,1.39,2
4026506,28.8,31.4,21.3,8.8,4.2,0.799,0.196,1.35,1.13,1.47,2
4026510,35.1,16.1,26.6,11.2,5.4,0.903,0.208,1.32,1.1,1.45,3
4026515,31.0,22.6,25.6,10.4,5.0,0.648,0.208,1.21,1.01,1.35,3
4026520,33.3,18.4,26.7,10.7,5.5,0.621,0.237,1.25,1.03,1.37,3
4026525,28.0,26.3,24.4,10.4,5.2,0.677,0.219,1.15,0.95,1.3,3
4026530,32.8,20.7,25.6,9.9,5.2,0.706,0.222,1.28,1.06,1.39,3
4026535,25.7,34.0,21.2,8.7,4.6,0.825,0.169,1.21,1.0,1.33,2
4030010,28.9,26.2,24.0,10.0,5.1,0.859,0.187,1.2,0.99,1.34,3
4030020,30.2,32.1,20.0,8.2,4.0,0.755,0.157,1.51,1.26,1.6,0
4030026,24.5,35.2,21.2,9.5,4.2,0.783,0.17,1.16,0.96,1.34,2
4030035,27.1,32.0,21.7,9.5,4.3,0.753,0.172,1.25,1.04,1.41,2
4030039,22.1,44.0,17.2,7.9,3.5,0.694,0.148,1.28,1.07,1.45,2
4030040,27.1,31.2,22.4,9.4,4.5,0.81,0.181,1.21,1.01,1.36,3
4030050,29.7,24.3,24.3,10.9,5.2,0.879,0.19,1.22,1.01,1.38,3
4030055,26.9,33.4,20.7,9.2,4.4,0.794,0.161,1.3,1.07,1.44,2
4030060,27.5,29.2,23.1,9.8,4.9,0.826,0.175,1.19,0.98,1.33,3
4030065,28.8,23.6,25.6,10.8,5.5,0.746,0.181,1.13,0.93,1.27,3
4030070,28.8,25.7,24.2,10.4,5.1,0.836,0.182,1.19,0.98,1.34,3
4030075,32.0,16.7,27.4,12.3,5.9,0.67,0.206,1.17,0.96,1.33,3
4030076,22.1,39.0,21.7,7.8,4.1,0.731,0.198,2.52,1.83,2.27,0
4030080,27.2,33.6,22.6,7.6,4.6,0.729,0.18,1.16,0.96,1.24,3
4030081,27.2,24.6,27.6,9.8,5.4,0.604,0.204,0.98,0.82,1.12,3
4030085,26.7,31.4,22.8,9.2,4.5,0.669,0.178,1.17,0.98,1.32,3
4030090,29.2,22.8,27.0,10.1,5.4,0.721,0.195,1.08,0.9,1.21,3
4030094,30.5,21.8,27.3,9.4,5.4,0.84,0.235,1.12,0.93,1.22,3
4030100,28.8,22.5,27.1,10.8,5.4,0.614,0.207,1.06,0.89,1.22,3
4030120,27.4,31.7,22.8,8.1,4.4,0.738,0.179,1.2,1.01,1.31,3
4030125,30.5,24.6,24.9,9.2,4.9,0.822,0.207,1.22,1.02,1.33,3
4030130,32.4,19.4,28.2,9.0,5.6,0.848,0.193,1.15,0.96,1.22,3
4030136,25.0,34.2,22.5,8.2,4.6,0.886,0.171,1.11,0.92,1.23,2
4030141,22.9,39.2,19.9,8.8,3.9,0.784,0.154,1.15,0.96,1.33,2
4030150,27.6,25.7,26.7,9.4,5.2,0.737,0.206,1.03,0.87,1.16,3
4030155,27.8,25.0,26.7,9.6,5.2,0.752,0.188,1.04,0.87,1.17,3
4030157,27.7,28.2,23.7,9.8,4.7,0.881,0.169,1.17,0.98,1.32,3
4030165,25.3,34.2,21.1,9.3,4.2,0.859,0.167,1.2,1.0,1.37,2
4030170,25.3,37.6,18.2,9.0,4.1,0.863,0.153,1.39,1.13,1.54,2
4030175,23.0,38.3,20.2,9.2,3.7,0.677,0.172,1.14,0.96,1.35,2
4030180,26.5,31.4,22.2,10.1,4.1,0.78,0.175,1.19,1.01,1.39,3
4030185,28.4,27.2,25.4,8.3,5.0,0.839,0.202,1.12,0.93,1.21,3
4030191,28.9,26.3,25.5,8.5,5.0,0.984,0.192,1.13,0.95,1.23,3
4030195,28.4,27.9,24.5,8.5,4.9,0.946,0.195,1.16,0.97,1.26,3
4030198,29.7,23.6,26.8,9.1,5.4,0.698,0.197,1.11,0.92,1.2,3
4030200,27.4,30.0,23.5,8.9,4.5,0.863,0.179,1.17,0.98,1.3,3
4030203,27.9,28.5,24.2,8.9,4.7,0.948,0.181,1.15,0.97,1.27,3
4030207,28.8,28.3,24.1,8.4,4.6,0.939,0.174,1.2,1.0,1.3,3
4030211,25.8,36.3,19.8,8.5,4.0,0.928,0.154,1.3,1.08,1.44,2
4030230,24.1,38.8,19.9,7.6,3.9,0.872,0.174,1.21,1.01,1.33,2
4030236,27.3,32.3,22.2,7.9,4.3,1.038,0.182,1.23,1.03,1.33,0
4030240,30.5,22.3,26.8,9.4,5.3,0.808,0.2,1.14,0.95,1.24,3
4030245,30.7,20.6,26.9,10.5,5.4,0.848,0.199,1.14,0.95,1.28,3
4030250,28.0,25.0,25.4,10.4,5.4,0.818,0.179,1.1,0.91,1.25,3
4030255,26.4,29.2,23.9,10.0,4.7,0.81,0.176,1.1,0.92,1.27,3
4030258,28.8,22.6,26.7,10.9,5.3,0.742,0.188,1.08,0.9,1.24,3
4030260,28.7,23.1,26.0,11.1,5.3,0.809,0.19,1.1,0.92,1.27,3
4030262,28.6,25.7,24.3,10.7,4.9,0.906,0.183,1.18,0.98,1.35,3
4030265,26.5,27.2,25.6,10.1,5.2,0.863,0.188,1.04,0.86,1.19,3
4030267,26.5,29.9,24.1,9.3,4.8,0.716,0.196,1.1,0.92,1.24,3
4030270,27.1,30.6,22.4,9.9,4.5,0.816,0.172,1.21,1.01,1.38,3
4030274,28.6,28.4,23.4,9.6,4.4,0.977,0.171,1.22,1.03,1.37,3
4030280,30.3,20.9,27.5,10.8,5.1,0.749,0.2,1.1,0.93,1.26,3
4030285,27.4,27.4,24.9,9.4,5.1,0.746,0.186,1.1,0.91,1.23,3
4030290,29.0,28.7,21.8,10.3,4.2,0.839,0.186,1.33,1.12,1.51,0
4030295,31.9,21.8,25.0,10.3,5.0,0.934,0.177,1.28,1.06,1.41,3
4030300,28.6,29.5,22.0,9.6,4.5,0.833,0.173,1.3,1.08,1.44,0
4030303,29.1,23.0,26.6,10.4,5.1,0.763,0.194,1.09,0.92,1.25,3
4030313,31.7,17.2,28.5,11.3,5.6,0.706,0.188,1.11,0.93,1.26,3
4030315,29.8,24.1,25.5,9.9,5.0,0.757,0.173,1.17,0.98,1.3,3
4030320,28.4,27.1,23.3,10.8,4.6,0.792,0.166,1.22,1.02,1.41,3
4030325,27.6,27.0,24.2,10.6,4.8,0.794,0.17,1.14,0.95,1.32,3
4030331,29.5,28.3,22.9,9.5,4.2,0.84,0.153,1.29,1.09,1.44,0
4030333,31.0,23.5,25.3,10.0,4.6,0.778,0.189,1.23,1.04,1.37,3
4030335,28.1,27.8,24.0,10.0,4.5,0.794,0.159,1.17,0.99,1.34,3
4030337,29.9,27.6,22.6,9.8,4.5,0.82,0.161,1.32,1.1,1.46,0
4030340,28.6,28.6,22.5,10.4,4.3,0.759,0.153,1.27,1.07,1.46,3
4030345,26.3,31.7,23.1,8.9,4.4,0.732,0.159,1.14,0.96,1.28,3
4030347,27.2,29.8,24.1,8.9,4.5,0.741,0.16,1.13,0.95,1.26,3
4030350,28.2,28.0,24.9,8.7,4.7,0.746,0.173,1.13,0.95,1.25,3
4030355,23.9,38.2,19.8,8.7,3.9,0.624,0.179,1.21,1.01,1.38,2
4030360,22.4,39.0,19.7,9.3,3.9,0.706,0.152,1.14,0.95,1.34,2
4030371,30.5,23.3,24.5,11.1,4.9,0.702,0.183,1.24,1.04,1.41,3
4030377,28.3,30.6,20.4,10.8,4.1,0.745,0.172,1.39,1.16,1.6,0
4030380,30.7,23.8,23.6,11.7,4.6,0.706,0.169,1.3,1.09,1.5,0
4030385,31.7,21.7,25.4,10.6,4.9,0.75,0.177,1.25,1.05,1.4,3
4030390,24.0,39.1,18.5,8.9,3.8,0.653,0.178,1.3,1.08,1.48,2
4030395,28.9,31.3,20.7,9.7,4.1,0.796,0.165,1.4,1.17,1.56,0
4030400,27.9,30.2,21.3,10.8,4.3,0.749,0.178,1.31,1.09,1.51,0
4030404,27.0,30.4,22.2,10.3,4.5,0.735,0.184,1.22,1.01,1.4,3
4030410,19.4,44.8,17.7,8.7,3.7,0.568,0.161,1.1,0.91,1.31,2
4030415,24.2,38.5,18.7,9.1,3.8,0.672,0.174,1.29,1.08,1.48,2
4030420,22.1,38.4,20.5,9.3,4.1,0.582,0.169,1.08,0.9,1.28,2
4030423,20.8,38.6,20.6,10.1,4.2,0.612,0.167,1.01,0.84,1.25,2
4030427,22.0,39.1,19.7,9.4,4.1,0.631,0.175,1.12,0.92,1.32,2
4030430,22.2,39.4,20.0,8.8,4.3,0.654,0.172,1.11,0.91,1.28,2
4030432,25.3,31.6,23.0,9.8,4.9,0.705,0.187,1.1,0.91,1.26,3
4030434,20.0,39.1,21.1,10.0,4.5,0.603,0.183,0.95,0.78,1.17,2
4030435,23.1,37.3,20.8,8.9,4.5,0.616,0.178,1.11,0.91,1.26,2
4030439,17.8,48.9,16.8,7.7,3.5,0.556,0.145,1.06,0.88,1.26,2
4030440,19.8,45.3,18.1,7.6,3.9,0.611,0.152,1.09,0.9,1.25,2
4030446,19.2,46.5,17.1,8.3,3.7,0.614,0.156,1.12,0.92,1.32,2
4030447,19.2,46.3,17.4,8.3,3.6,0.612,0.151,1.1,0.91,1.31,2
4030450,20.4,46.5,16.2,8.3,3.3,0.658,0.16,1.26,1.05,1.47,2
4030455,21.7,41.3,19.0,8.5,4.2,0.574,0.169,1.14,0.94,1.3,2
4030460,21.0,39.6,20.1,9.3,4.5,0.587,0.182,1.04,0.85,1.23,2
4030480,20.9,40.6,20.1,9.0,4.1,0.504,0.177,1.04,0.86,1.24,2
4030485,18.0,45.7,18.5,8.6,3.8,0.601,0.156,0.97,0.81,1.19,2
4030488,16.9,50.4,16.5,7.7,3.3,0.546,0.142,1.02,0.85,1.24,2
4030506,19.2,44.4,19.4,8.1,3.8,0.552,0.169,0.99,0.83,1.18,2
4030510,13.8,56.3,15.0,6.7,3.1,0.447,0.135,0.92,0.76,1.13,2
4030515,16.3,53.0,15.2,7.1,3.1,0.496,0.135,1.07,0.89,1.28,2
4030520,15.4,53.0,15.4,7.7,3.2,0.479,0.148,1.0,0.83,1.24,2
4030521,14.8,53.6,15.7,7.5,3.2,0.447,0.137,0.94,0.78,1.18,2
4030527,20.3,42.7,18.6,9.1,4.0,0.576,0.165,1.09,0.9,1.3,2
4030530,20.4,43.7,18.1,8.9,3.7,0.583,0.154,1.13,0.94,1.34,2
4030534,18.2,44.0,17.4,11.5,3.6,0.538,0.148,1.05,0.87,1.41,2
4030535,18.0,47.2,17.7,8.5,3.6,0.499,0.155,1.02,0.85,1.24,2
4030540,17.3,51.3,16.3,6.8,3.2,0.44,0.153,1.06,0.89,1.24,2
4030545,16.2,50.0,17.7,7.5,3.6,0.519,0.148,0.92,0.76,1.11,2
4030549,19.9,42.4,19.7,8.6,4.0,0.522,0.158,1.01,0.84,1.2,2
4030552,20.0,42.4,20.4,7.9,4.1,0.575,0.157,0.98,0.82,1.14,2
4030555,20.3,42.5,19.9,8.1,4.1,0.572,0.16,1.02,0.85,1.18,2
4030556,20.0,43.0,20.0,7.8,4.1,0.636,0.157,1.0,0.83,1.15,2
4030560,22.6,35.6,23.1,8.8,4.5,0.633,0.186,0.98,0.82,1.14,2
4030562,20.2,41.5,20.6,8.6,4.0,0.618,0.157,0.98,0.82,1.17,2
4030564,19.2,44.8,18.8,7.9,3.8,0.6,0.15,1.02,0.85,1.2,2
4030570,19.6,43.6,19.4,7.8,4.0,0.624,0.157,1.01,0.84,1.17,2
4030577,18.7,46.6,17.8,7.7,3.7,0.581,0.145,1.05,0.87,1.23,2
4030579,19.6,41.5,20.6,8.7,4.0,0.641,0.155,0.95,0.8,1.15,2
4030580,19.8,41.3,20.8,8.3,4.2,0.641,0.155,0.95,0.79,1.12,2
4030583,26.5,30.1,22.8,9.9,5.0,0.728,0.188,1.16,0.95,1.31,3
4030595,22.9,35.6,21.3,10.4,4.3,0.727,0.166,1.08,0.89,1.3,2
4030600,23.5,34.6,22.5,9.4,4.5,0.692,0.167,1.04,0.87,1.22,2
4030609,22.6,41.4,18.7,7.7,4.1,0.654,0.164,1.21,0.99,1.33,2
4030610,24.3,38.9,19.1,8.3,4.0,0.715,0.155,1.27,1.05,1.41,2
4030615,27.0,28.2,24.9,9.7,4.8,0.691,0.182,1.08,0.91,1.24,3
4030630,27.9,29.5,23.1,9.3,4.3,0.813,0.158,1.21,1.02,1.36,3
4030638,20.2,39.6,21.2,9.1,4.3,0.679,0.162,0.95,0.79,1.15,2
4030643,31.2,18.9,27.3,11.7,5.7,0.609,0.196,1.14,0.95,1.3,3
4030644,29.2,19.9,27.3,12.5,5.5,0.571,0.182,1.07,0.89,1.27,3
4030645,22.7,32.5,24.7,9.7,4.9,0.726,0.175,0.92,0.77,1.09,2
4030646,26.9,33.3,21.2,8.7,4.0,0.848,0.147,1.27,1.07,1.41,0
4030648,27.5,31.5,21.6,9.5,4.0,0.791,0.149,1.27,1.07,1.45,2
4030650,30.2,26.5,23.7,9.2,4.6,0.765,0.16,1.27,1.07,1.39,3
4030655,24.3,35.3,20.4,10.2,4.1,0.673,0.145,1.19,0.99,1.41,2
4030660,24.0,39.3,18.3,9.2,3.5,0.695,0.145,1.31,1.1,1.52,2
4030661,25.8,36.8,18.8,9.0,3.9,0.768,0.144,1.37,1.14,1.53,2
4030663,27.4,32.2,20.7,10.0,4.2,0.772,0.155,1.32,1.1,1.5,2
4030666,28.7,26.8,23.2,10.4,5.1,0.736,0.183,1.24,1.01,1.38,3
4030670,24.1,39.4,18.3,9.1,3.5,0.705,0.132,1.32,1.11,1.52,2
4030675,20.4,45.0,17.0,8.6,3.3,0.625,0.13,1.2,1.0,1.43,2
4030680,25.5,37.3,18.7,9.3,3.5,0.805,0.132,1.36,1.15,1.57,2
4030684,21.7,43.7,17.5,8.4,3.6,0.685,0.146,1.24,1.03,1.43,2
4030686,24.4,41.2,16.6,8.5,3.8,0.738,0.161,1.47,1.2,1.61,2
4030687,26.9,32.7,21.5,8.5,4.7,0.812,0.201,1.25,1.03,1.35,2
4030688,25.1,36.3,20.6,8.3,4.2,0.782,0.161,1.22,1.01,1.35,2
4030690,27.7,27.2,23.9,10.5,5.1,0.758,0.185,1.16,0.96,1.32,3
4030692,26.5,30.7,22.2,10.1,4.9,0.78,0.205,1.19,0.98,1.35,3
4030695,24.5,34.6,21.2,10.0,4.3,0.758,0.17,1.16,0.96,1.35,2
4030701,23.8,37.0,20.2,9.8,4.0,0.714,0.162,1.18,0.98,1.39,2
4030705,25.1,33.7,21.1,9.9,4.3,0.7,0.204,1.19,0.99,1.38,2
4030710,25.8,32.3,22.2,9.4,4.5,0.756,0.165,1.16,0.97,1.32,3
4030713,22.8,39.4,18.8,9.3,4.0,0.691,0.165,1.21,1.0,1.41,2
4030715,22.6,38.7,19.9,8.8,4.1,0.696,0.166,1.14,0.94,1.31,2
4030720,24.5,35.2,20.5,10.1,4.0,0.682,0.159,1.2,1.0,1.41,2
4030725,22.1,41.5,18.4,8.6,3.6,0.676,0.148,1.2,1.0,1.4,2
4030730,19.6,46.8,15.3,9.2,3.8,0.612,0.249,1.28,1.03,1.51,2
4030735,28.7,24.7,24.6,11.3,4.9,0.878,0.187,1.17,0.97,1.36,3
4030740,27.5,29.8,22.3,10.3,4.3,0.923,0.163,1.23,1.03,1.42,0
4030744,26.1,32.2,21.8,9.9,4.2,0.858,0.154,1.2,1.0,1.38,2
4030745,24.8,35.5,20.4,10.0,3.7,0.799,0.152,1.22,1.03,1.44,2
4030750,30.5,28.6,20.3,10.5,4.3,0.807,0.176,1.5,1.24,1.67,0
4030755,25.1,34.8,20.3,10.3,3.8,0.694,0.144,1.24,1.04,1.47,2
4030760,31.1,20.4,26.3,11.6,4.8,0.727,0.162,1.18,1.0,1.37,3
4030762,26.9,28.0,23.5,11.4,4.4,0.745,0.159,1.14,0.96,1.37,3
4030765,26.8,28.8,23.1,11.1,4.3,0.799,0.152,1.16,0.98,1.38,3
4030775,27.7,28.8,23.5,10.0,4.5,0.848,0.16,1.18,0.99,1.35,3
4030778,33.2,16.9,27.4,11.4,5.3,0.793,0.179,1.21,1.02,1.36,3
4030780,34.2,15.6,27.5,11.4,5.4,0.849,0.197,1.24,1.04,1.39,3
4030785,30.4,21.9,26.1,10.7,5.1,0.785,0.177,1.16,0.97,1.32,3
4030788,25.6,33.8,21.2,9.5,4.0,0.8,0.164,1.21,1.02,1.39,2
4030792,27.1,26.5,25.3,10.3,5.1,0.819,0.187,1.07,0.89,1.23,3
4030794,26.8,29.9,23.5,9.5,4.5,0.905,0.166,1.14,0.96,1.3,3
4030796,29.1,24.8,24.9,10.4,5.0,0.819,0.182,1.17,0.97,1.32,3
4030800,27.6,28.9,23.1,10.2,4.7,0.898,0.177,1.19,0.99,1.36,3
4030803,28.8,25.5,24.8,10.6,4.8,0.846,0.183,1.16,0.97,1.33,3
4030805,25.7,30.7,23.9,9.1,5.0,0.852,0.174,1.08,0.89,1.2,3
4030808,29.5,24.3,25.2,10.5,5.1,0.781,0.179,1.17,0.97,1.32,3
4030811,28.8,27.5,23.6,10.0,4.6,0.87,0.157,1.22,1.02,1.38,3
4030817,23.4,37.8,19.9,9.3,4.1,0.811,0.152,1.18,0.97,1.36,2
4030819,26.7,33.1,21.6,8.9,4.2,0.867,0.153,1.24,1.03,1.38,0
4030820,23.4,39.3,18.7,9.4,3.8,0.818,0.145,1.25,1.04,1.46,2
4030823,28.4,27.6,24.1,9.9,4.6,0.911,0.17,1.18,0.99,1.33,3
4030825,27.1,29.6,23.1,10.2,4.4,0.871,0.159,1.17,0.99,1.36,3
4030828,29.1,26.4,24.4,9.7,4.7,0.845,0.172,1.19,1.0,1.33,3
4030830,30.7,23.0,25.4,10.2,5.0,0.832,0.174,1.21,1.01,1.35,3
4030834,26.6,30.5,22.9,9.9,4.4,0.882,0.16,1.16,0.97,1.34,3
4030836,28.6,27.2,24.1,9.9,4.7,0.988,0.165,1.19,0.99,1.34,3
4030839,29.5,26.8,23.7,9.8,4.6,0.925,0.157,1.24,1.04,1.39,3
4030841,25.5,35.3,20.6,9.0,4.1,0.794,0.152,1.24,1.03,1.4,2
4030845,23.4,37.9,20.1,8.7,4.1,0.759,0.208,1.16,0.97,1.33,2
4030850,23.2,38.3,19.5,9.5,3.7,0.829,0.168,1.19,1.0,1.41,2
4030852,23.5,38.7,19.5,8.7,3.8,0.855,0.157,1.21,1.01,1.38,2
4030854,24.1,37.5,19.5,9.2,3.9,0.819,0.156,1.24,1.03,1.42,2
4030858,25.0,32.9,21.7,10.3,4.3,0.854,0.166,1.15,0.96,1.36,2
4030862,26.4,31.2,22.2,9.9,4.5,0.86,0.171,1.18,0.99,1.36,3
4030865,25.0,35.1,20.7,9.7,4.2,0.836,0.155,1.21,1.0,1.39,2
4030868,24.2,37.0,19.7,9.7,4.0,0.804,0.157,1.23,1.02,1.43,2
4030870,26.6,33.8,20.9,8.7,4.5,0.893,0.169,1.27,1.05,1.39,0
4030873,23.1,39.0,19.5,9.2,3.9,0.821,0.152,1.18,0.99,1.38,2
4030875,22.6,38.7,19.8,9.9,3.8,0.739,0.155,1.14,0.96,1.38,2
4030878,26.9,31.2,22.6,9.8,4.2,0.841,0.16,1.19,1.0,1.37,3
4030880,24.2,35.8,20.7,9.7,4.1,0.859,0.155,1.17,0.98,1.37,2
4030883,25.7,34.5,20.7,9.7,4.3,0.409,0.16,1.24,1.03,1.42,1
4030885,24.7,34.9,21.5,9.5,4.0,0.816,0.152,1.15,0.97,1.34,2
4030887,24.2,33.5,21.7,10.7,4.4,0.855,0.168,1.12,0.93,1.34,2
4030891,24.9,36.2,20.5,9.0,4.0,0.858,0.161,1.21,1.02,1.38,2
4030892,25.7,34.7,20.7,9.2,4.2,0.79,0.17,1.24,1.03,1.4,2
4030898,24.9,35.1,21.2,9.2,4.1,0.886,0.157,1.17,0.98,1.35,2
4030900,23.5,37.6,20.6,9.1,3.9,0.839,0.147,1.14,0.96,1.33,2
4030905,28.1,27.3,23.8,10.2,5.1,0.954,0.17,1.18,0.97,1.33,3
4030909,23.7,34.5,22.3,9.6,4.4,0.834,0.155,1.06,0.89,1.25,2
4030913,24.3,34.7,22.2,9.0,4.3,0.877,0.166,1.09,0.92,1.26,2
4030915,25.2,33.5,21.6,9.8,4.5,0.941,0.158,1.17,0.97,1.34,2
4030920,24.7,38.0,19.1,8.9,3.9,0.824,0.147,1.29,1.07,1.46,2
4030928,28.0,30.6,21.8,9.7,4.3,0.845,0.16,1.28,1.07,1.44,0
4030930,28.7,30.1,21.5,9.7,4.3,0.961,0.156,1.33,1.11,1.49,0
4030936,28.3,28.6,23.0,9.5,4.6,0.855,0.165,1.23,1.03,1.37,3
4030938,30.2,26.1,23.1,10.0,4.6,0.969,0.161,1.31,1.09,1.45,0
4030940,35.0,18.3,25.0,10.6,5.0,0.991,0.171,1.4,1.17,1.52,3
4030946,27.8,28.4,23.1,10.4,4.5,0.797,0.157,1.2,1.01,1.38,3
4030949,27.7,31.0,22.3,8.9,4.3,0.751,0.162,1.24,1.04,1.38,3
4030951,27.9,28.2,23.6,9.6,4.8,0.791,0.177,1.18,0.98,1.32,3
4030958,28.8,22.4,26.8,11.3,5.3,0.664,0.179,1.07,0.9,1.25,3
4030959,27.3,28.2,23.3,10.8,4.8,0.706,0.17,1.17,0.97,1.36,3
4030960,30.4,22.9,25.5,10.6,5.0,0.804,0.2,1.19,1.0,1.34,3
4030964,30.6,16.4,26.7,15.8,5.1,0.568,0.167,1.15,0.96,1.46,1
4030967,29.4,24.0,26.0,10.2,4.9,0.698,0.165,1.13,0.95,1.28,3
4030975,27.3,29.8,23.5,9.2,4.6,0.798,0.162,1.16,0.97,1.3,3
4030978,29.7,21.8,26.6,11.0,5.1,0.816,0.165,1.12,0.94,1.28,3
4030980,28.6,25.6,25.4,10.0,4.6,0.907,0.156,1.13,0.95,1.29,3
4030983,30.5,21.7,26.1,11.1,4.8,0.816,0.168,1.17,0.99,1.35,3
4030985,28.9,24.0,25.5,11.0,4.9,0.781,0.164,1.13,0.95,1.31,3
4030990,28.3,29.8,23.1,9.0,4.1,0.753,0.156,1.23,1.04,1.37,3
4031001,25.9,36.1,19.5,9.5,3.8,0.674,0.16,1.33,1.11,1.52,2
4031005,26.1,35.7,19.8,9.2,3.9,0.683,0.169,1.32,1.1,1.49,2
4031009,25.5,35.0,21.1,9.0,4.1,0.745,0.161,1.21,1.01,1.37,2
4031010,27.3,36.5,19.6,7.7,3.7,0.721,0.15,1.39,1.17,1.5,2
4031015,25.6,37.3,18.9,9.5,3.5,0.68,0.146,1.35,1.14,1.57,2
4031020,29.3,32.7,20.6,8.1,4.0,0.834,0.154,1.42,1.19,1.52,0
4031025,27.5,34.0,20.0,9.3,3.9,0.7,0.16,1.38,1.15,1.54,2
4031030,25.9,35.7,19.6,9.9,3.6,0.599,0.166,1.32,1.12,1.54,2
4031032,24.1,39.7,18.4,8.8,3.5,0.663,0.147,1.31,1.1,1.5,2
4031035,25.8,36.5,19.4,9.1,3.6,0.703,0.15,1.33,1.12,1.52,2
4031040,36.0,17.9,25.5,10.5,4.5,0.635,0.25,1.41,1.2,1.55,3
4031041,32.3,20.3,25.8,11.1,5.0,0.746,0.194,1.25,1.05,1.41,3
4031042,29.2,24.2,25.0,11.0,4.8,0.684,0.188,1.17,0.98,1.35,3
4031043,22.1,37.9,20.4,10.1,4.0,0.63,0.156,1.08,0.91,1.32,2
4031045,29.1,22.6,26.1,11.7,4.8,0.743,0.224,1.11,0.94,1.32,3
4031050,23.9,38.7,19.2,8.9,3.7,0.753,0.158,1.24,1.04,1.43,2
4031054,31.3,21.1,25.9,11.4,4.8,0.695,0.185,1.21,1.02,1.39,3
4031055,25.1,33.8,21.5,10.0,4.0,0.729,0.164,1.17,0.98,1.38,2
4031060,28.3,26.3,25.0,9.6,4.9,0.756,0.194,1.13,0.95,1.27,3
4031062,26.0,30.5,23.0,10.3,4.4,0.678,0.178,1.13,0.95,1.32,3
4031066,24.3,34.9,21.5,9.4,4.0,0.796,0.159,1.13,0.95,1.32,2
4031068,23.0,39.6,19.1,8.9,3.6,0.745,0.14,1.2,1.01,1.41,2
4031070,25.7,38.7,18.3,7.9,3.6,0.749,0.145,1.4,1.17,1.53,2
4031073,20.8,43.7,17.7,8.6,3.4,0.668,0.137,1.18,0.99,1.39,2
4031075,22.6,40.8,18.7,8.6,3.5,0.728,0.147,1.21,1.02,1.41,2
4031077,23.3,38.7,19.9,8.7,3.7,0.709,0.163,1.17,0.99,1.36,2
4031087,25.6,34.3,20.2,10.6,3.8,0.781,0.154,1.27,1.07,1.51,2
4031090,29.8,20.1,27.3,11.7,5.7,0.623,0.201,1.09,0.9,1.26,3
4031093,26.7,32.9,21.1,9.6,4.2,0.908,0.164,1.27,1.06,1.43,0
4031100,32.4,18.9,27.1,10.8,5.3,0.808,0.207,1.2,1.0,1.33,3
4031105,27.1,31.3,22.3,9.7,4.2,0.928,0.175,1.22,1.02,1.39,0
4031108,31.6,22.7,24.5,10.3,5.3,0.988,0.22,1.29,1.06,1.41,3
4031110,30.3,25.2,24.2,9.7,5.0,0.963,0.22,1.25,1.04,1.37,3
4031113,30.4,23.1,25.2,10.6,4.8,0.872,0.209,1.21,1.01,1.37,3
4031116,34.5,15.2,28.4,11.1,5.2,0.691,0.233,1.21,1.03,1.36,3
4031120,30.9,18.5,28.3,11.1,5.3,0.848,0.203,1.09,0.92,1.25,3
4031125,31.7,20.8,25.8,11.3,4.6,0.893,0.181,1.23,1.04,1.41,3
4031129,31.0,20.1,27.1,10.7,5.2,0.792,0.222,1.14,0.96,1.29,3
4031133,27.6,26.0,25.0,10.8,4.7,0.9,0.193,1.1,0.93,1.29,3
4031144,32.8,20.2,25.9,10.6,4.9,0.938,0.205,1.27,1.06,1.41,3
4031145,30.1,23.8,25.7,10.1,4.8,0.91,0.211,1.17,0.99,1.32,3
4031150,31.4,21.5,26.0,10.4,5.2,0.929,0.208,1.21,1.01,1.34,3
4031154,32.8,17.6,28.2,10.6,5.3,0.802,0.216,1.16,0.98,1.3,3
4031160,28.3,30.0,22.6,9.0,4.7,0.862,0.231,1.25,1.04,1.37,3
4031162,26.1,34.0,21.3,9.2,3.9,0.827,0.18,1.23,1.04,1.4,2
4031168,30.6,20.3,27.4,11.3,5.0,0.825,0.19,1.12,0.94,1.29,3
4031170,30.0,22.6,26.0,11.4,4.7,0.794,0.173,1.15,0.98,1.35,3
4031175,29.7,25.3,25.0,9.8,4.7,0.926,0.19,1.19,1.0,1.33,3
4031181,29.3,28.1,23.3,9.6,4.3,0.778,0.188,1.26,1.06,1.41,3
4031184,28.5,30.1,22.5,9.0,4.2,0.722,0.188,1.27,1.07,1.4,3
4031185,27.3,31.2,22.4,9.1,4.2,0.751,0.181,1.22,1.03,1.37,3
4031188,23.9,36.9,20.9,8.9,3.7,0.632,0.213,1.14,0.97,1.33,2
4031190,21.9,41.0,19.0,8.7,3.7,0.642,0.165,1.15,0.96,1.35,2
4031193,28.0,31.5,22.3,8.3,4.2,0.74,0.171,1.26,1.06,1.37,3
4031196,28.3,28.5,23.7,9.2,4.5,0.81,0.183,1.19,1.0,1.33,3
4031202,26.1,33.5,20.7,10.0,4.0,0.699,0.177,1.26,1.06,1.46,2
4031203,23.4,36.6,20.6,9.6,4.1,0.708,0.163,1.14,0.95,1.34,2
4031205,25.6,33.0,21.7,9.8,4.1,0.817,0.163,1.18,0.99,1.37,2
4031208,24.6,36.6,20.2,9.2,3.8,0.685,0.185,1.22,1.03,1.41,2
4031210,22.3,38.9,20.0,9.5,4.0,0.604,0.185,1.11,0.93,1.32,2
4031211,26.3,31.0,23.1,9.6,4.5,0.712,0.198,1.14,0.95,1.3,3
4031215,27.7,29.8,22.7,9.8,4.3,0.741,0.191,1.22,1.03,1.39,3
4031218,28.3,28.0,23.6,10.3,4.1,0.697,0.203,1.2,1.02,1.39,3
4031220,27.2,30.8,22.3,9.9,4.1,0.684,0.196,1.22,1.03,1.41,3
4031223,24.5,38.3,18.9,9.2,3.4,0.652,0.17,1.3,1.1,1.51,2
4031225,25.8,35.1,20.4,9.2,3.8,0.672,0.188,1.26,1.07,1.45,2
4031235,25.8,31.4,21.4,11.2,4.4,0.716,0.209,1.21,1.0,1.43,2
4031237,25.9,33.4,21.6,9.4,4.0,0.705,0.206,1.2,1.01,1.38,2
4031240,25.5,34.9,20.5,9.5,3.9,0.7,0.193,1.24,1.05,1.43,2
4031245,29.2,25.5,24.4,10.6,4.6,0.756,0.227,1.2,1.01,1.37,3
4031247,23.8,33.8,21.7,10.7,4.3,0.752,0.189,1.1,0.92,1.33,2
4031250,25.9,30.4,23.3,10.2,4.5,0.789,0.191,1.11,0.93,1.3,3
4031255,23.5,39.4,19.2,8.6,3.6,0.676,0.166,1.22,1.03,1.41,2
4031257,20.9,42.1,18.9,8.8,3.6,0.629,0.175,1.11,0.93,1.32,2
4031261,23.4,39.0,19.3,9.1,3.6,0.636,0.192,1.21,1.02,1.42,2
4031265,24.1,36.9,20.2,9.4,3.6,0.663,0.195,1.19,1.01,1.41,2
4031267,24.2,34.5,21.0,10.7,3.9,0.642,0.203,1.15,0.97,1.4,2
4031270,23.4,31.0,24.4,10.0,5.5,0.617,0.182,0.96,0.78,1.12,2
4031272,25.8,33.4,20.9,10.4,3.7,0.673,0.191,1.23,1.05,1.47,2
4031277,24.4,39.6,18.2,8.8,3.6,0.648,0.205,1.34,1.12,1.52,2
4031283,24.3,37.5,19.8,9.5,3.7,0.65,0.209,1.23,1.03,1.44,2
4031285,27.7,33.1,21.0,9.1,3.8,0.648,0.227,1.32,1.12,1.48,2
4031288,28.3,30.6,21.5,10.2,4.0,0.731,0.198,1.32,1.11,1.51,0
4031290,24.4,37.3,19.6,9.7,3.7,0.68,0.199,1.24,1.05,1.46,2
4031292,23.7,33.5,23.1,10.1,4.4,0.654,0.237,1.03,0.86,1.23,2
4031293,31.9,24.0,18.9,13.0,5.1,0.556,1.965,1.69,1.33,1.87,0
4031298,30.4,23.1,25.5,10.8,4.7,0.642,0.284,1.19,1.01,1.36,3
4031300,33.3,15.5,29.1,11.5,5.2,0.589,0.265,1.14,0.97,1.31,3
4031305,32.5,17.4,27.6,11.9,4.9,0.643,0.423,1.18,1.0,1.37,3
4031306,32.3,18.4,27.2,11.8,4.7,0.67,0.245,1.19,1.01,1.38,3
4031310,30.4,24.6,23.0,11.6,4.5,0.641,0.73,1.32,1.11,1.53,0
4031316,28.2,30.0,22.2,10.0,3.8,0.667,0.219,1.27,1.08,1.47,0
4031317,28.4,29.4,23.4,8.9,4.2,0.681,0.229,1.21,1.03,1.35,3
4031328,29.5,25.7,24.3,10.6,4.5,0.649,0.242,1.21,1.02,1.39,3
4031335,31.4,20.1,26.6,11.8,4.7,0.676,0.236,1.18,1.0,1.38,3
4031338,32.4,17.3,28.2,11.6,5.2,0.623,0.246,1.15,0.97,1.32,3
4031340,30.0,24.6,24.9,10.6,4.4,0.807,0.24,1.2,1.02,1.39,3
4031350,28.4,23.6,26.8,10.6,4.9,0.586,0.265,1.06,0.9,1.23,3
4031352,29.0,24.8,25.6,10.0,4.8,0.579,0.322,1.13,0.95,1.28,3
4031355,27.0,30.5,22.8,9.7,4.2,0.67,0.243,1.18,1.0,1.36,3
4031357,29.0,24.4,25.0,11.3,4.6,0.685,0.249,1.16,0.98,1.36,3
4031360,29.1,22.8,25.7,12.1,4.5,0.667,0.238,1.13,0.96,1.36,3
4031364,27.6,32.8,20.6,9.4,3.8,0.648,0.22,1.34,1.13,1.52,2
4031366,26.3,33.1,21.5,9.3,4.0,0.642,0.236,1.22,1.03,1.4,2
4031369,24.9,37.0,19.7,9.2,3.5,0.607,0.21,1.26,1.07,1.47,2
4031370,28.3,31.6,22.4,7.7,4.2,0.687,0.243,1.26,1.06,1.35,3
4031373,26.5,35.8,20.2,8.3,3.6,0.626,0.224,1.31,1.11,1.46,2
4031374,26.2,36.7,19.1,8.5,3.7,0.623,0.217,1.37,1.15,1.52,2
4031380,31.9,22.1,25.3,10.3,4.8,0.742,0.244,1.26,1.06,1.4,3
4031382,28.2,28.8,23.3,9.7,4.3,0.7,0.249,1.21,1.02,1.37,3
4031385,26.5,33.7,21.3,8.9,4.0,0.739,0.22,1.24,1.05,1.4,2
4031388,23.4,37.1,21.2,8.7,4.0,0.683,0.222,1.1,0.93,1.27,2
4031390,23.3,37.8,20.8,8.7,3.7,0.646,0.219,1.12,0.95,1.31,2
4031395,23.2,38.2,20.3,8.8,4.0,0.624,0.236,1.14,0.95,1.32,2
4031398,24.2,36.9,20.3,9.4,3.8,0.661,0.214,1.19,1.0,1.39,2
4031401,23.4,39.7,18.9,8.9,3.5,0.624,0.209,1.24,1.04,1.44,2
4031403,23.6,38.1,20.2,8.9,3.6,0.659,0.21,1.17,0.99,1.37,2
4031405,24.3,37.3,20.2,9.0,3.9,0.68,0.225,1.2,1.01,1.38,2
4031408,23.3,37.5,21.0,9.1,3.8,0.655,0.213,1.11,0.94,1.31,2
4031410,26.6,30.4,24.2,9.2,4.3,0.7,0.237,1.1,0.93,1.26,3
4031413,28.1,26.6,25.5,9.9,4.4,0.682,0.238,1.1,0.94,1.27,3
4031415,27.0,27.1,25.5,10.6,4.6,0.662,0.243,1.06,0.9,1.25,3
4031426,26.6,31.8,22.1,10.0,3.9,0.695,0.215,1.2,1.02,1.41,3
4031428,27.5,30.8,22.7,9.4,4.0,0.705,0.223,1.21,1.03,1.38,3
4031432,26.8,31.5,22.8,9.4,3.9,0.65,0.216,1.18,1.0,1.36,3
4031435,30.7,24.6,23.6,11.0,4.2,0.768,0.226,1.3,1.1,1.5,0
4031439,30.5,25.0,23.5,10.9,4.1,0.764,0.223,1.3,1.11,1.5,0
4031446,25.4,33.8,21.5,9.5,3.9,0.733,0.209,1.18,1.0,1.37,2
4031450,29.2,26.6,24.0,10.1,4.2,0.711,0.215,1.22,1.04,1.39,3
4031455,26.6,32.9,20.2,11.0,3.6,0.685,0.191,1.32,1.12,1.58,2
4031458,24.0,35.0,20.9,10.5,3.8,0.731,0.201,1.15,0.97,1.4,2
4031461,25.7,31.5,23.0,10.1,4.0,0.72,0.213,1.12,0.95,1.33,3
4031465,26.5,32.2,21.8,9.6,4.0,0.763,0.216,1.22,1.03,1.4,2
4031470,24.5,37.8,19.0,9.7,3.6,0.664,0.199,1.29,1.08,1.51,2
4031483,26.5,31.6,22.5,9.5,4.1,0.753,0.228,1.18,1.0,1.35,3
4031488,24.5,34.4,21.6,10.0,3.9,0.693,0.207,1.13,0.96,1.35,2
4031490,26.0,33.4,21.4,9.7,3.9,0.716,0.204,1.21,1.03,1.41,2
4031495,24.5,34.3,20.8,11.2,3.8,0.778,0.196,1.18,1.0,1.45,2
4031498,26.6,31.3,22.5,9.7,4.2,0.706,0.225,1.18,1.0,1.36,3
4031500,26.2,33.3,21.0,9.8,4.0,0.744,0.213,1.25,1.05,1.44,2
4031505,26.3,31.7,22.2,10.1,4.1,0.906,0.21,1.18,1.0,1.38,2
4031512,28.0,28.0,23.6,10.2,4.6,0.82,0.238,1.19,0.99,1.35,3
4031515,29.4,26.8,23.2,9.9,5.1,0.868,0.268,1.27,1.04,1.39,3
4031517,25.7,32.8,21.7,10.1,4.1,0.854,0.215,1.18,1.0,1.39,2
4031520,27.7,28.4,23.3,10.1,4.6,0.827,0.232,1.19,0.99,1.35,3
4031522,31.0,21.6,25.5,11.2,4.8,0.805,0.238,1.22,1.02,1.39,3
4031527,25.3,35.1,20.4,9.4,3.9,0.823,0.237,1.24,1.04,1.43,2
4031530,28.1,28.8,22.3,10.5,4.3,0.881,0.225,1.26,1.06,1.45,0
4031540,24.1,36.2,20.9,9.3,4.0,0.796,0.206,1.15,0.97,1.34,2
4031542,30.0,24.5,24.2,11.3,4.4,0.902,0.223,1.24,1.05,1.44,3
4031550,26.4,31.0,22.4,10.4,4.2,0.758,0.224,1.18,0.99,1.38,3
4031555,29.5,24.5,25.0,11.1,4.4,0.753,0.215,1.18,1.0,1.38,3
4031557,26.5,30.9,22.4,10.5,4.2,0.73,0.216,1.18,1.0,1.39,3
4031560,29.9,26.4,23.7,10.0,4.5,0.845,0.22,1.26,1.06,1.41,3
4031565,30.9,20.0,27.3,10.9,5.3,0.835,0.252,1.13,0.95,1.28,3
4031570,30.3,24.1,23.5,11.2,4.8,0.919,0.234,1.29,1.07,1.47,3
4031572,33.5,18.9,26.8,9.9,4.8,0.876,0.235,1.25,1.06,1.37,3
4031575,30.6,24.5,24.3,9.8,4.8,0.877,0.234,1.26,1.05,1.39,3
4031579,31.8,19.9,26.2,11.1,5.2,0.873,0.25,1.21,1.01,1.37,3
4031580,30.2,25.2,24.6,9.5,4.7,0.88,0.252,1.23,1.03,1.35,3
4031583,30.3,24.0,25.1,10.1,4.7,0.873,0.246,1.21,1.02,1.36,3
4031589,32.6,21.9,24.7,10.1,4.9,0.877,0.236,1.32,1.1,1.44,3
4031591,29.8,25.1,24.5,9.9,4.9,0.951,0.241,1.22,1.01,1.35,3
4031595,28.6,26.6,24.0,10.2,4.6,0.906,0.228,1.19,1.0,1.36,3
4031598,31.5,18.2,27.5,11.7,5.2,0.802,0.245,1.15,0.96,1.32,3
4031602,31.3,18.3,27.7,11.4,5.4,0.791,0.262,1.13,0.95,1.29,3
4031605,26.7,31.9,21.7,9.8,4.2,0.887,0.231,1.23,1.03,1.41,0
4031608,24.9,38.3,18.8,8.8,3.7,0.72,0.232,1.32,1.11,1.5,2
4031610,28.3,29.8,22.8,9.1,4.4,0.838,0.263,1.24,1.04,1.37,3
4031617,25.5,34.9,19.2,10.5,4.0,0.796,0.234,1.33,1.1,1.55,2
4031620,27.2,29.7,22.3,10.4,4.5,0.836,0.254,1.22,1.01,1.4,3
4031627,24.8,35.4,19.3,11.4,3.7,0.698,0.219,1.28,1.08,1.57,2
4031630,26.2,32.7,20.5,11.0,4.0,0.782,0.227,1.28,1.07,1.52,2
4031638,28.5,27.0,23.3,11.0,4.3,0.849,0.235,1.22,1.03,1.43,3
4031639,28.6,28.9,21.7,10.9,4.0,0.792,0.235,1.32,1.11,1.54,0
4031640,28.2,27.9,22.9,10.9,4.2,0.839,0.225,1.23,1.04,1.44,3
4031644,29.8,26.7,22.7,10.4,4.4,0.828,0.246,1.31,1.1,1.48,0
4031645,31.8,19.9,25.5,11.9,5.0,0.794,0.253,1.25,1.04,1.43,3
4031651,30.2,23.9,24.5,10.5,4.9,0.943,0.263,1.23,1.03,1.38,3
4031652,29.2,28.2,22.0,10.5,4.2,0.937,0.228,1.33,1.11,1.52,0
4031658,26.8,32.3,20.8,10.0,4.2,0.794,0.245,1.29,1.07,1.47,2
4031665,29.6,28.7,21.2,10.7,4.2,0.909,0.251,1.4,1.17,1.59,0
4031668,28.2,32.1,20.2,10.1,3.8,0.833,0.23,1.4,1.18,1.6,0
4031670,27.8,30.4,22.4,9.7,4.3,0.831,0.248,1.24,1.04,1.4,3
4031675,25.8,34.9,19.7,10.2,3.8,0.77,0.231,1.31,1.1,1.53,2
4031677,28.7,31.8,19.6,10.4,3.8,0.82,0.23,1.46,1.23,1.67,0
4031683,25.8,36.4,18.6,10.0,3.4,0.713,0.219,1.39,1.17,1.63,2
4031686,32.1,22.6,23.9,11.1,4.3,0.942,0.234,1.34,1.14,1.53,3
4031690,23.2,41.2,16.6,9.7,3.5,0.677,0.233,1.4,1.15,1.64,2
4031698,25.6,34.5,20.3,10.8,3.6,0.768,0.215,1.26,1.07,1.53,2
4031708,29.7,28.2,23.0,9.3,3.9,0.905,0.263,1.29,1.1,1.45,0
4031712,29.1,31.4,19.3,10.6,3.6,0.832,0.297,1.51,1.27,1.73,0
4031715,31.4,21.9,25.1,11.2,4.6,0.884,0.246,1.25,1.06,1.43,3
4031723,28.5,27.2,23.6,10.4,4.4,0.794,0.217,1.21,1.02,1.39,3
4031725,29.1,28.4,22.3,10.2,4.0,0.88,0.233,1.3,1.11,1.49,0
4031730,29.6,22.3,24.8,13.1,4.8,0.761,0.23,1.19,1.0,1.44,3
4031733,29.8,23.9,24.7,11.2,4.9,0.912,0.235,1.21,1.01,1.39,3
4031740,34.0,18.6,26.5,10.5,4.8,0.904,0.23,1.28,1.09,1.42,3
4031745,27.5,32.3,20.9,9.1,4.3,0.807,0.251,1.32,1.09,1.45,2
4031750,32.6,22.4,23.8,10.4,4.8,0.902,0.258,1.37,1.14,1.5,3
4031754,33.8,24.4,22.1,9.3,4.3,1.087,0.238,1.53,1.28,1.63,0
4031755,32.1,24.0,23.3,10.2,4.2,1.052,0.26,1.38,1.17,1.54,0
4031761,29.2,28.8,22.3,10.1,4.1,0.918,0.236,1.31,1.11,1.49,0
4031764,29.4,29.4,21.4,10.4,3.9,0.98,0.215,1.37,1.16,1.57,0
4031765,29.5,29.9,20.9,10.3,3.8,1.007,0.209,1.41,1.19,1.61,0
4031770,34.8,16.2,26.9,11.9,4.8,0.824,0.264,1.29,1.1,1.47,3
4031783,29.6,23.6,25.0,11.1,4.8,0.862,0.234,1.18,0.99,1.37,3
4031785,29.8,24.4,24.5,10.8,4.7,0.91,0.226,1.22,1.02,1.39,3
4031790,27.5,30.6,21.9,9.9,4.4,0.96,0.213,1.26,1.05,1.42,0
4031798,26.5,37.1,18.3,9.1,3.4,0.879,0.184,1.45,1.22,1.64,2
4031800,28.6,26.5,23.7,11.0,4.6,0.951,0.238,1.21,1.01,1.4,3
4031819,28.7,26.1,23.7,11.0,4.3,0.947,0.216,1.21,1.02,1.42,3
4031822,28.9,24.6,25.0,10.9,4.5,1.003,0.207,1.16,0.98,1.35,3
4031826,30.0,22.7,25.6,10.9,4.6,0.98,0.212,1.17,0.99,1.35,3
4031827,30.1,22.2,25.8,10.9,4.9,0.921,0.22,1.17,0.98,1.34,3
4031830,30.2,22.6,25.6,10.9,4.6,1.009,0.213,1.18,1.0,1.36,3
4031835,25.1,34.9,20.5,9.6,3.9,0.828,0.185,1.22,1.03,1.42,2
4031841,25.0,35.3,20.5,9.6,3.9,0.841,0.194,1.22,1.02,1.42,2
4031842,26.3,32.6,21.4,10.0,4.1,0.832,0.199,1.23,1.03,1.42,0
4031845,23.7,37.2,20.0,9.7,3.7,0.836,0.179,1.19,1.0,1.41,2
4031847,25.9,31.5,22.5,10.2,4.2,0.899,0.196,1.15,0.97,1.35,2
4031857,24.8,38.8,17.8,9.5,3.5,0.752,0.18,1.39,1.16,1.61,2
4031866,23.4,40.6,18.4,8.3,3.4,0.805,0.191,1.27,1.07,1.45,2
4031870,24.8,38.2,18.8,8.5,3.7,0.809,0.188,1.32,1.1,1.48,2
4031875,25.6,34.2,20.6,9.8,3.9,0.871,0.18,1.24,1.04,1.44,2
4031877,25.7,37.8,18.3,8.7,3.7,0.819,0.178,1.4,1.17,1.56,2
4031880,28.7,25.8,24.7,10.2,4.7,0.908,0.199,1.16,0.98,1.32,3
4031885,23.8,35.7,20.6,10.2,3.8,0.86,0.172,1.16,0.98,1.39,2
4031887,24.0,35.1,20.9,10.3,3.8,0.882,0.169,1.15,0.97,1.39,2
4031891,26.5,32.4,21.4,9.9,4.1,0.891,0.217,1.24,1.04,1.43,0
4031893,25.4,34.4,20.9,9.8,3.8,0.882,0.176,1.22,1.03,1.43,2
4031896,22.2,40.8,18.9,8.9,3.6,0.768,0.165,1.17,0.99,1.38,2
4031913,26.3,35.2,21.1,7.3,4.3,0.85,0.21,1.25,1.04,1.32,2
4031915,25.2,35.8,20.8,8.7,3.7,0.759,0.484,1.21,1.03,1.38,2
4031920,28.3,27.1,24.2,10.4,4.4,0.949,0.217,1.17,0.99,1.35,3
4031922,29.4,25.0,24.7,11.0,4.4,0.858,0.275,1.19,1.01,1.39,3
4031926,32.4,16.9,28.7,11.4,5.2,0.722,0.248,1.13,0.96,1.29,3
4031930,33.3,20.1,25.2,10.8,4.6,0.966,0.221,1.32,1.12,1.48,3
4031931,32.1,19.3,26.8,11.1,4.8,0.818,0.227,1.2,1.02,1.37,3
4031934,30.8,22.8,25.1,10.8,4.7,0.874,0.208,1.23,1.03,1.4,3
4031935,27.2,31.2,21.9,9.6,4.1,0.887,0.215,1.24,1.05,1.42,0
4031938,29.3,27.3,23.1,10.1,4.3,0.918,0.216,1.27,1.07,1.44,0
4031940,27.6,27.8,23.7,10.5,4.5,0.876,0.217,1.16,0.98,1.35,3
4031950,26.8,32.3,21.9,9.5,4.2,0.783,0.21,1.22,1.03,1.39,2
4031952,26.3,29.7,24.2,9.6,4.4,0.817,0.211,1.09,0.92,1.26,3
4031957,27.9,25.6,25.6,10.6,4.5,0.822,0.208,1.09,0.93,1.28,3
4031960,31.1,21.5,25.7,11.5,4.5,0.85,0.216,1.21,1.03,1.41,3
4031966,25.8,33.9,22.0,8.9,4.0,0.875,0.187,1.17,0.99,1.33,2
4031972,29.9,22.3,27.2,10.7,4.5,0.885,0.205,1.1,0.94,1.28,3
4031975,31.6,21.2,26.3,10.8,4.6,0.943,0.218,1.2,1.02,1.37,3
4031976,31.4,20.3,27.2,11.1,4.6,0.883,0.217,1.15,0.99,1.34,3
4031978,31.7,19.4,27.6,11.2,4.7,0.838,0.22,1.15,0.98,1.33,3
4031981,28.8,27.5,23.7,9.9,4.6,0.866,0.219,1.22,1.02,1.37,3
4031983,30.7,25.0,23.6,10.6,4.5,0.91,0.225,1.3,1.09,1.47,3
4031985,24.5,35.5,21.0,9.5,3.8,0.848,0.197,1.17,0.99,1.37,2
4031994,27.5,24.6,25.7,12.0,4.6,0.859,0.215,1.07,0.91,1.3,3
4031995,30.2,22.7,25.6,11.1,4.9,0.929,0.233,1.18,0.99,1.35,3
4031996,29.3,23.8,26.1,11.0,4.4,0.894,0.218,1.12,0.96,1.32,3
4032000,31.1,20.7,27.4,10.8,4.7,0.767,0.246,1.14,0.97,1.31,3
4032005,33.3,17.2,27.9,11.6,4.5,0.906,0.21,1.19,1.03,1.39,3
4032010,32.9,16.5,26.7,13.9,4.4,0.801,0.212,1.23,1.06,1.5,3
4032018,28.0,29.0,22.6,10.7,4.0,0.803,0.204,1.24,1.05,1.45,3
4032021,28.6,26.8,24.7,9.9,4.1,0.852,0.235,1.16,0.99,1.34,3
4032026,31.1,22.7,25.4,10.1,4.8,0.953,0.231,1.22,1.03,1.36,3
4032031,29.6,26.5,24.1,9.9,4.2,0.916,0.21,1.23,1.05,1.4,3
4032035,27.7,27.3,24.7,9.9,4.6,0.853,0.283,1.12,0.95,1.28,3
4032040,25.8,32.6,22.4,9.5,4.1,0.801,0.203,1.15,0.97,1.33,3
4032050,24.7,33.1,22.5,9.6,4.1,0.889,0.213,1.1,0.93,1.29,2
4032052,25.6,34.5,21.2,8.8,3.8,0.92,0.218,1.21,1.02,1.38,2
4032055,28.5,20.6,28.5,10.3,6.2,0.842,0.224,1.0,0.82,1.12,3
4032060,25.2,35.1,20.6,9.7,3.6,0.811,0.183,1.22,1.04,1.44,2
4032065,27.6,29.7,23.0,9.8,4.0,0.813,0.203,1.2,1.02,1.39,3
4032070,28.8,27.8,23.9,9.4,4.1,0.902,0.219,1.21,1.03,1.36,3
4032076,27.8,30.2,23.7,8.7,4.0,0.871,0.202,1.17,1.0,1.32,3
4032080,28.8,28.2,23.4,9.0,4.6,0.916,0.252,1.23,1.03,1.35,3
4032085,30.6,25.2,24.9,9.2,4.2,0.893,0.216,1.23,1.05,1.37,3
4032090,28.1,30.7,21.8,8.7,4.6,1.043,0.215,1.29,1.06,1.39,0
4032095,30.2,22.2,25.5,11.6,4.6,0.84,0.515,1.18,1.0,1.39,3
4032100,26.0,33.8,21.1,9.3,4.1,0.831,0.223,1.23,1.03,1.4,2
4032105,23.7,33.4,22.4,10.8,4.1,0.796,0.218,1.06,0.89,1.3,2
4032113,27.7,29.8,22.9,9.8,4.4,0.836,0.212,1.21,1.01,1.37,3
4032115,25.4,33.4,21.5,10.0,4.2,0.788,0.215,1.18,0.99,1.38,2
4032120,30.7,24.0,24.8,10.3,4.7,0.907,0.223,1.24,1.04,1.39,3
4032125,32.5,20.2,25.9,10.8,4.8,0.962,0.222,1.25,1.06,1.41,3
4032130,26.1,32.9,22.0,9.6,4.1,0.831,0.204,1.19,1.0,1.37,2
4032135,28.6,28.0,23.8,9.8,4.5,0.825,0.225,1.2,1.01,1.36,3
4032143,31.8,22.9,27.7,7.2,5.0,0.818,0.231,1.15,0.97,1.19,3
4032140,31.0,24.3,24.6,9.4,4.8,0.865,0.241,1.26,1.05,1.37,3
4032146,24.0,37.3,20.9,8.2,3.8,0.731,0.197,1.15,0.97,1.3,2
4032150,24.1,38.1,19.7,8.5,3.7,0.699,0.2,1.22,1.03,1.39,2
4032157,25.0,34.5,21.2,9.5,3.7,0.801,0.209,1.18,1.0,1.39,2
4032160,23.6,40.3,18.6,8.3,3.6,0.708,0.181,1.27,1.06,1.44,2
4032164,28.5,26.0,25.1,10.2,4.6,0.829,0.202,1.14,0.96,1.3,3
4032170,27.6,32.2,21.5,8.6,4.4,0.816,0.208,1.28,1.07,1.4,0
4032175,28.6,26.0,24.8,10.3,4.7,0.846,0.219,1.15,0.97,1.32,3
4032180,27.5,32.7,21.1,9.5,3.7,0.715,0.202,1.3,1.11,1.49,2
4032184,29.1,24.2,25.2,11.0,4.8,0.944,0.242,1.15,0.97,1.34,3
4032185,27.6,27.4,24.8,9.9,4.6,0.931,0.241,1.11,0.94,1.28,3
4032187,29.5,23.6,25.4,10.8,5.0,0.756,0.227,1.16,0.97,1.33,3
4032190,27.2,30.7,22.3,9.7,4.4,0.824,0.228,1.22,1.02,1.38,3
4032195,25.1,35.5,20.9,8.2,4.5,0.769,0.219,1.2,0.99,1.31,2
4032200,26.2,28.1,24.8,10.6,4.8,0.764,0.363,1.06,0.89,1.24,3
4032210,22.5,41.6,18.6,8.6,3.4,0.685,0.182,1.21,1.02,1.41,2
4032207,24.4,37.3,20.1,8.6,3.7,0.791,0.189,1.21,1.03,1.39,2
4032220,25.3,34.6,21.2,9.2,3.8,0.853,0.191,1.19,1.01,1.38,2
4032225,23.8,35.2,21.5,9.7,3.8,0.816,0.205,1.11,0.94,1.32,2
4032227,23.3,36.0,21.7,9.1,3.9,0.818,0.195,1.07,0.91,1.27,2
4032230,25.6,33.5,21.6,9.7,3.7,0.834,0.187,1.19,1.01,1.4,2
4032237,26.0,33.2,21.3,10.0,3.9,0.776,0.209,1.22,1.03,1.43,2
4032238,24.7,36.0,20.4,9.0,4.2,0.851,0.209,1.21,1.0,1.37,2
4032240,23.6,36.7,20.9,9.1,4.1,0.795,0.203,1.13,0.94,1.31,2
4032248,25.8,31.4,23.6,9.3,4.3,0.868,0.211,1.09,0.92,1.26,2
4032250,30.5,24.6,25.3,9.3,4.5,0.948,0.215,1.21,1.02,1.34,3
4032255,25.9,33.7,21.2,9.4,3.9,0.839,0.208,1.22,1.03,1.41,2
4032260,27.2,35.1,19.4,8.6,3.9,0.869,0.2,1.4,1.17,1.54,2
4032265,23.8,38.3,19.2,9.0,3.8,0.792,0.194,1.24,1.03,1.43,2
4032275,24.2,36.1,21.3,8.9,3.9,0.809,0.228,1.14,0.96,1.31,2
4032280,30.1,27.8,22.9,9.6,4.1,0.916,0.214,1.31,1.11,1.47,0
4032295,29.2,24.4,25.5,10.7,4.7,0.847,0.22,1.15,0.97,1.32,3
4032300,31.2,18.4,28.2,10.8,5.8,0.849,0.272,1.11,0.92,1.24,3
4032308,32.5,17.0,28.5,11.1,5.0,0.895,0.252,1.14,0.97,1.3,3
4032309,31.3,18.3,28.5,11.0,5.1,0.82,0.253,1.1,0.93,1.26,3
4032310,30.8,20.5,27.3,10.6,4.9,0.868,0.26,1.13,0.96,1.29,3
4032315,29.1,22.5,27.4,10.2,5.1,0.785,0.254,1.06,0.9,1.21,3
4032320,29.2,23.9,26.4,9.8,5.0,0.805,0.245,1.11,0.93,1.24,3
4032324,25.4,34.9,21.8,8.1,4.0,0.783,0.211,1.17,0.98,1.3,2
4032325,27.6,30.4,23.1,8.9,4.1,0.838,0.228,1.19,1.01,1.34,3
4032330,25.5,32.1,23.3,9.0,4.3,0.85,0.216,1.09,0.92,1.25,2
4032335,25.3,32.3,22.9,9.4,4.1,0.847,0.212,1.1,0.94,1.29,2
4032340,25.9,32.1,22.7,9.1,4.3,0.785,0.222,1.14,0.96,1.3,3
4032345,29.4,26.3,24.3,9.7,4.4,0.826,0.265,1.21,1.02,1.36,3
4032350,31.9,27.5,21.7,8.2,4.5,0.918,0.261,1.47,1.22,1.53,0
4032358,33.0,20.8,25.4,9.7,5.0,0.951,0.226,1.3,1.09,1.4,3
4032361,27.7,28.6,24.0,9.3,4.4,0.927,0.207,1.15,0.98,1.3,3
4032363,25.3,34.2,21.4,9.0,4.1,0.843,0.198,1.18,0.99,1.35,2
4032365,24.8,31.5,23.8,9.5,4.4,0.842,0.196,1.04,0.88,1.22,3
4032370,29.3,20.2,27.8,11.5,5.1,0.867,0.219,1.05,0.89,1.24,3
4032373,28.7,23.0,26.5,10.7,5.1,0.887,0.262,1.08,0.91,1.25,3
4032376,25.8,28.8,24.4,10.3,4.7,0.84,0.232,1.06,0.89,1.24,3
4032378,23.4,33.8,22.7,9.9,4.3,0.797,0.206,1.03,0.87,1.23,2
4032382,21.6,39.4,20.0,9.5,3.8,0.729,0.179,1.08,0.91,1.31,2
4032385,27.2,28.8,23.8,9.2,4.9,0.934,0.236,1.14,0.95,1.27,3
4032390,27.1,26.9,25.2,10.4,4.7,0.869,0.205,1.08,0.91,1.25,3
4032396,28.6,22.3,27.2,11.2,4.9,0.865,0.21,1.05,0.89,1.24,3
4032399,29.1,21.5,27.8,10.5,5.2,0.88,0.256,1.05,0.88,1.2,3
4032400,28.6,24.1,26.3,10.3,5.0,0.908,0.239,1.09,0.91,1.24,3
4032405,27.1,25.4,26.1,10.2,5.1,1.007,0.237,1.04,0.87,1.2,3
4032408,25.0,30.3,24.7,9.2,4.8,0.936,0.223,1.01,0.85,1.16,3
4032410,30.3,19.9,28.0,10.6,5.1,0.88,0.231,1.08,0.92,1.24,3
4032413,29.4,21.1,27.0,11.5,4.8,0.944,0.234,1.09,0.92,1.29,3
4032416,29.0,21.3,27.4,11.2,5.1,0.987,0.219,1.06,0.89,1.24,3
4032421,28.7,26.9,24.4,8.9,4.9,1.095,0.249,1.18,0.98,1.28,3
4032422,26.7,30.1,23.5,9.2,4.4,1.019,0.226,1.14,0.96,1.29,3
4032425,25.2,34.5,21.6,8.6,4.1,0.87,0.236,1.17,0.98,1.32,2
4032430,27.8,25.4,25.9,10.2,5.0,0.877,0.234,1.07,0.9,1.23,3
4032435,26.7,27.7,25.4,9.8,4.7,0.921,0.227,1.05,0.89,1.21,3
4032440,29.8,25.9,24.4,9.3,4.5,0.97,0.225,1.22,1.03,1.35,3
4032450,27.5,30.0,23.0,9.4,4.2,0.847,0.2,1.2,1.01,1.36,3
4032456,27.6,28.1,23.9,9.8,4.8,0.907,0.234,1.15,0.96,1.3,3
4032459,29.5,24.8,25.4,10.0,4.5,0.922,0.215,1.16,0.99,1.32,3
4032467,24.7,38.1,19.8,8.3,3.6,0.691,0.216,1.25,1.06,1.41,2
4032476,30.0,29.5,21.2,9.2,3.7,0.843,0.735,1.42,1.2,1.57,0
4032479,30.8,21.5,27.1,10.5,4.7,0.798,0.25,1.14,0.97,1.3,3
4032485,30.9,20.8,27.0,11.1,4.8,0.825,0.221,1.14,0.97,1.32,3
4032490,29.3,25.6,24.7,9.9,4.6,0.923,0.224,1.19,1.0,1.34,3
4032491,30.1,24.8,24.1,10.6,4.4,0.927,0.228,1.25,1.06,1.43,3
4032501,31.9,24.7,23.5,9.7,4.1,1.043,0.201,1.36,1.16,1.51,0
4032505,32.0,23.8,24.0,9.8,4.4,1.011,0.205,1.33,1.13,1.47,3
4032507,32.4,22.9,24.5,9.8,4.4,0.926,0.213,1.32,1.12,1.46,3
4032511,29.6,25.0,25.0,10.2,4.6,0.824,0.22,1.18,1.0,1.34,3
4032515,26.4,33.7,21.8,8.9,3.7,0.758,0.248,1.21,1.04,1.38,2
4032520,28.1,24.4,26.5,10.7,4.8,0.81,0.216,1.06,0.9,1.24,3
4032525,29.1,23.4,26.6,10.7,4.7,0.815,0.219,1.09,0.93,1.27,3
4032528,30.9,21.4,26.8,10.6,4.7,0.83,0.219,1.15,0.98,1.32,3
4032531,30.7,25.9,24.0,9.1,4.7,0.821,0.225,1.28,1.07,1.39,3
4032535,30.1,27.4,23.8,8.8,4.3,0.837,0.229,1.26,1.07,1.38,3
4032540,31.5,24.2,24.7,9.6,4.2,0.927,0.21,1.28,1.09,1.42,3
4032545,27.9,28.8,23.5,9.7,4.3,0.846,0.215,1.19,1.0,1.35,3
4032549,29.3,23.8,25.2,11.6,4.4,0.718,0.205,1.16,0.99,1.38,3
4032550,27.5,26.6,25.0,10.7,4.6,0.72,0.217,1.1,0.93,1.29,3
4032555,23.5,31.7,24.5,10.4,4.6,0.516,0.232,0.96,0.81,1.16,2
4032560,30.6,30.7,19.9,9.4,3.7,0.734,0.178,1.54,1.3,1.69,0
4032562,30.0,29.9,20.4,9.9,4.0,0.621,0.217,1.47,1.23,1.64,0
4032565,25.3,37.2,18.7,10.0,3.3,0.489,0.213,1.35,1.15,1.6,2
4032568,28.6,25.5,24.6,11.2,4.4,0.561,0.259,1.16,0.99,1.37,3
4032570,29.6,22.1,25.3,12.6,4.6,0.583,0.269,1.17,0.99,1.41,3
4032572,27.2,28.0,23.1,12.1,4.0,0.57,0.214,1.18,1.0,1.45,1
4032575,26.5,31.6,20.7,12.3,3.8,0.501,0.221,1.28,1.08,1.58,1
4032578,24.5,33.5,20.4,12.8,3.7,0.378,0.22,1.2,1.02,1.55,1
4032581,26.2,26.7,25.8,11.3,4.8,0.6,0.199,1.02,0.86,1.23,3
4032582,26.2,32.3,21.4,10.7,4.1,0.762,0.178,1.22,1.03,1.45,2
4032585,26.2,32.6,21.4,10.4,3.9,0.778,0.176,1.22,1.04,1.45,2
4032587,27.2,27.4,22.3,13.6,4.5,0.424,0.263,1.22,1.01,1.52,1
4032590,26.1,28.5,22.3,13.7,4.2,0.471,0.245,1.17,0.98,1.5,1
4032597,23.9,34.6,21.0,11.0,3.9,0.704,0.2,1.14,0.96,1.4,2
4032598,25.8,28.5,23.9,11.6,4.7,0.646,0.234,1.08,0.9,1.31,3
4032600,26.3,33.0,20.1,11.3,4.0,0.473,0.25,1.31,1.09,1.56,1
4032602,22.0,38.8,17.3,12.7,3.9,0.417,0.232,1.27,1.04,1.64,2
4032603,20.8,37.1,19.1,13.6,4.2,0.401,0.227,1.09,0.89,1.48,1
4032604,24.7,29.6,21.1,14.7,4.7,0.41,0.249,1.17,0.96,1.53,1
4032605,22.8,34.1,19.9,13.9,4.1,0.422,0.232,1.15,0.95,1.53,1
4032607,23.6,31.7,19.8,15.3,4.5,0.36,0.214,1.19,0.97,1.6,1
4032614,20.1,41.0,16.1,13.8,3.6,0.428,0.23,1.25,1.02,1.72,2
4032615,20.8,39.5,16.6,14.0,3.7,0.43,0.194,1.25,1.02,1.71,2
4032616,20.5,34.4,18.6,16.2,4.8,0.414,0.231,1.1,0.88,1.57,1
4032618,19.7,36.1,18.7,15.8,4.4,0.347,0.209,1.05,0.85,1.54,1
4032621,19.7,32.8,19.3,17.7,5.1,0.358,0.207,1.02,0.81,1.53,1
4032627,25.9,29.0,21.7,13.2,4.6,0.583,0.279,1.19,0.98,1.49,1
4032630,24.3,25.6,24.0,15.1,5.8,0.355,0.333,1.01,0.82,1.32,1
4032632,22.9,26.4,24.4,15.7,5.5,0.415,0.269,0.94,0.77,1.29,1
4032635,30.6,20.1,25.1,13.4,5.5,0.481,0.316,1.22,1.0,1.44,1
4032645,25.1,26.1,22.0,16.3,5.4,0.398,0.23,1.14,0.92,1.51,1
4032648,25.7,17.1,27.3,17.7,6.9,0.243,0.503,0.94,0.75,1.27,1
4032650,23.4,29.4,22.6,13.6,5.4,0.495,0.268,1.04,0.84,1.32,1
4032654,20.2,41.7,17.7,10.9,4.0,0.352,0.286,1.14,0.93,1.43,2
4032655,25.8,31.7,20.5,12.1,4.4,0.378,0.244,1.26,1.04,1.52,1
4032656,28.0,29.3,19.7,12.8,4.7,0.374,0.237,1.42,1.15,1.67,1
4032657,26.2,28.3,21.2,13.7,5.1,0.384,0.239,1.24,1.0,1.52,1
4032660,26.4,25.9,21.8,15.2,5.2,0.323,0.246,1.21,0.98,1.54,1
4032663,23.9,30.5,21.9,12.9,5.3,0.417,0.241,1.09,0.88,1.35,1
4032665,25.6,25.8,23.6,13.7,5.8,0.408,0.237,1.08,0.87,1.34,1
4032667,23.6,28.8,22.9,13.8,5.4,0.426,0.212,1.03,0.83,1.32,1
4032670,23.4,27.5,24.3,13.8,5.4,0.345,0.234,0.96,0.79,1.25,1
4032672,22.5,31.7,22.3,13.1,4.9,0.392,0.235,1.01,0.83,1.31,1
4032675,20.5,35.7,22.3,11.5,4.6,0.399,0.228,0.92,0.76,1.19,1
4032678,26.7,21.9,25.6,14.7,5.9,0.37,0.234,1.04,0.85,1.31,1
4032680,21.8,35.2,20.2,12.8,4.7,0.425,0.221,1.08,0.88,1.39,1
4032683,22.0,33.3,21.7,13.0,4.9,0.392,0.212,1.01,0.83,1.32,1
4032685,26.0,22.6,25.2,14.7,6.2,0.401,0.25,1.03,0.83,1.3,1
4032687,27.5,27.0,21.7,13.3,5.3,0.387,0.25,1.27,1.02,1.51,1
4032690,27.4,26.9,21.9,13.4,5.4,0.392,0.242,1.25,1.0,1.49,1
4032693,28.6,25.3,23.0,12.9,5.1,0.345,0.275,1.24,1.02,1.48,1
4032695,26.4,28.1,21.9,13.2,5.3,0.407,0.238,1.21,0.97,1.46,1
4032698,27.4,21.4,24.7,15.6,5.8,0.362,0.235,1.11,0.9,1.41,1
4032700,25.7,27.2,22.2,14.9,5.0,0.345,0.218,1.16,0.94,1.49,1
4032703,29.0,20.0,25.1,15.2,5.6,0.373,0.255,1.16,0.94,1.44,1
4032708,27.6,26.0,22.4,13.5,4.8,0.453,0.23,1.23,1.01,1.51,1
4032710,25.0,30.2,20.8,13.8,4.7,0.381,0.221,1.2,0.98,1.52,1
4032715,27.0,23.1,23.1,15.6,5.7,0.354,0.243,1.17,0.94,1.48,1
4032717,27.0,23.0,23.2,15.6,5.6,0.354,0.241,1.16,0.94,1.48,1
4032720,29.2,20.2,24.2,15.4,5.5,0.326,0.283,1.21,0.98,1.5,1
4032722,24.0,30.3,20.2,15.6,4.4,0.311,0.215,1.19,0.98,1.61,1
4032730,31.1,14.2,26.4,16.6,6.2,0.27,0.716,1.18,0.95,1.46,1
4032734,28.8,17.2,26.3,16.3,6.0,0.285,0.475,1.1,0.89,1.4,1
4032735,28.7,20.7,24.6,14.6,6.1,0.365,0.405,1.17,0.93,1.41,1
4032740,31.4,24.6,20.0,13.9,4.5,0.486,0.218,1.57,1.28,1.85,0
4032745,28.0,19.5,26.5,14.7,5.8,0.455,0.242,1.06,0.87,1.32,1
4032748,31.8,13.3,28.2,14.8,6.5,0.369,0.249,1.13,0.92,1.34,1
4032750,27.1,24.9,21.6,16.0,4.9,0.318,0.219,1.25,1.02,1.63,1
4032753,31.6,17.2,26.1,13.9,5.4,0.552,0.264,1.21,1.0,1.44,1
4032755,26.1,24.7,23.5,14.9,5.3,0.314,0.312,1.11,0.91,1.42,1
4032758,30.5,14.3,28.9,14.8,6.1,0.284,0.402,1.06,0.87,1.29,1
4032762,29.5,15.6,28.8,14.0,6.8,0.318,0.378,1.02,0.83,1.22,1
4032765,28.1,22.9,25.7,12.7,5.2,0.418,0.339,1.09,0.91,1.32,1
4032769,28.8,15.3,28.6,15.5,6.2,0.251,0.502,1.01,0.83,1.27,1
4032775,30.7,17.3,28.8,12.2,5.6,0.351,0.329,1.07,0.89,1.25,1
4032778,28.8,23.3,25.6,11.5,5.3,0.454,0.323,1.13,0.94,1.31,1
4032780,28.0,21.3,27.3,12.6,5.6,0.416,0.357,1.03,0.85,1.23,1
4032796,25.2,27.2,23.8,13.3,5.4,0.354,0.279,1.06,0.86,1.32,1
4032800,28.6,17.3,27.8,15.2,6.0,0.305,0.342,1.03,0.85,1.3,1
4032805,29.6,16.8,27.5,15.1,5.9,0.275,0.374,1.08,0.89,1.34,1
4032809,27.6,17.9,28.1,15.2,6.1,0.343,0.313,0.98,0.81,1.25,1
4032815,29.9,18.4,25.8,15.0,5.6,0.371,0.264,1.16,0.95,1.43,1
4032818,31.0,17.7,25.5,14.8,5.7,0.359,0.262,1.22,0.99,1.47,1
4032832,29.2,29.8,20.0,10.8,4.7,0.348,0.374,1.46,1.18,1.62,1
4032835,29.7,26.4,22.4,11.5,4.5,0.336,0.276,1.33,1.1,1.53,1
4032840,28.4,28.5,21.3,12.0,4.6,0.325,0.315,1.33,1.1,1.56,1
4032846,30.7,16.5,27.8,14.2,5.3,0.609,0.255,1.1,0.93,1.36,3
4032851,26.4,30.2,21.9,11.7,3.9,0.716,0.212,1.21,1.02,1.48,2
4032852,24.8,30.3,23.2,11.7,4.1,0.789,0.216,1.07,0.91,1.34,3
4032855,25.9,23.7,27.0,12.6,4.8,0.788,0.241,0.96,0.81,1.21,3
4032857,27.1,23.7,26.3,12.3,4.7,0.792,0.24,1.03,0.87,1.27,3
4032860,27.5,26.3,23.6,12.4,4.4,0.78,0.244,1.17,0.98,1.43,3
4032864,29.6,26.3,23.2,11.2,4.3,0.773,0.23,1.28,1.08,1.48,0
4032865,28.6,27.0,23.7,10.5,4.6,0.872,0.244,1.21,1.01,1.38,3
4032868,29.5,26.0,24.3,10.4,4.4,0.851,0.237,1.21,1.03,1.39,3
4032870,28.5,25.7,24.8,11.1,4.4,0.897,0.231,1.15,0.98,1.36,3
4032872,30.8,21.8,25.6,11.8,4.5,0.905,0.228,1.2,1.02,1.42,3
4032878,30.6,14.4,29.9,14.1,5.6,0.653,0.269,1.02,0.86,1.26,3
4032885,28.5,23.7,25.4,12.1,4.6,0.788,0.288,1.12,0.95,1.35,3
4032888,28.3,23.1,25.8,12.6,4.6,0.784,0.281,1.1,0.93,1.35,3
4032890,28.5,26.0,24.2,11.4,4.2,0.806,0.248,1.18,1.0,1.4,3
4032893,27.9,28.5,22.8,11.2,4.0,0.788,0.234,1.22,1.04,1.46,3
4032896,26.0,31.8,22.3,10.1,4.0,0.843,0.227,1.17,0.99,1.37,2
4032904,28.0,27.6,23.4,10.9,4.3,0.788,0.263,1.2,1.01,1.4,3
4032905,30.7,20.2,26.2,12.4,4.7,0.77,0.292,1.17,0.99,1.39,3
4032907,27.1,26.3,25.8,10.5,4.6,0.697,0.228,1.05,0.89,1.24,3
4032910,31.7,16.8,27.8,12.5,5.3,0.85,0.273,1.14,0.96,1.34,3
4032912,32.3,17.0,28.0,12.0,4.9,0.819,0.241,1.15,0.98,1.35,3
4032915,30.7,21.2,26.2,11.5,4.6,0.826,0.227,1.17,1.0,1.37,3
4032917,25.4,32.6,21.0,11.6,3.8,0.735,0.211,1.21,1.02,1.49,2
4032918,29.9,23.5,24.1,12.3,4.2,0.842,0.229,1.24,1.06,1.49,3
4032925,30.0,24.8,24.2,11.0,4.4,0.817,0.239,1.25,1.05,1.44,3
4032927,33.3,17.9,27.5,11.1,4.7,0.759,0.243,1.21,1.03,1.38,3
4032930,29.8,24.3,25.3,10.7,4.3,0.876,0.234,1.18,1.01,1.37,3
4032932,29.0,25.0,25.3,11.0,4.2,0.855,0.239,1.15,0.98,1.36,3
4032938,28.8,24.1,25.9,11.1,4.5,0.805,0.282,1.11,0.95,1.31,3
4032940,28.2,24.6,25.5,11.6,4.5,0.803,0.248,1.11,0.94,1.33,3
4032945,26.8,31.7,21.7,10.7,3.8,0.774,0.207,1.24,1.05,1.47,2
4032947,25.2,36.5,19.0,10.2,3.6,0.712,0.213,1.33,1.12,1.57,2
4032955,26.3,31.5,22.0,10.5,3.8,0.74,0.249,1.2,1.02,1.43,2
4032957,26.9,27.6,24.0,11.3,4.2,0.736,0.257,1.12,0.95,1.35,3
4032960,25.3,31.2,22.6,10.6,4.4,0.749,0.278,1.12,0.94,1.33,3
4032962,28.9,26.8,22.8,11.1,4.3,0.764,0.345,1.27,1.07,1.48,0
4032966,27.0,28.6,23.0,11.5,4.0,0.783,0.23,1.17,1.0,1.43,3
4032968,26.5,29.1,23.1,11.4,4.0,0.776,0.235,1.15,0.98,1.4,3
4032972,26.1,30.8,22.1,11.4,3.8,0.742,0.212,1.18,1.01,1.45,2
4032975,26.0,29.2,23.9,11.2,4.2,0.799,0.253,1.09,0.93,1.32,3
4032977,23.6,36.4,20.6,10.4,3.7,0.705,0.226,1.15,0.97,1.4,2
4032985,25.1,32.8,21.7,11.1,3.8,0.772,0.222,1.16,0.98,1.42,2
4032990,28.7,26.6,23.7,11.5,3.9,0.887,0.212,1.21,1.04,1.46,3
4032994,25.8,32.6,21.8,10.6,3.8,0.759,0.206,1.18,1.01,1.42,2
4033000,22.7,36.6,20.0,11.3,3.6,0.756,0.165,1.14,0.96,1.44,2
4033001,22.9,37.6,20.1,10.5,3.3,0.719,0.155,1.14,0.98,1.43,2
4033004,23.6,35.2,21.8,10.0,3.7,0.767,0.172,1.08,0.93,1.32,2
4033006,23.9,35.4,20.8,10.4,3.8,0.718,0.174,1.15,0.97,1.39,2
4033010,26.6,31.2,22.6,10.4,3.5,0.856,0.165,1.18,1.02,1.42,2
4033013,26.1,32.6,21.9,9.9,3.7,0.832,0.168,1.19,1.02,1.41,2
4033020,24.9,34.6,21.1,10.5,3.5,0.808,0.171,1.18,1.01,1.44,2
4033026,24.7,37.6,19.3,9.1,3.9,0.788,0.186,1.28,1.06,1.46,2
4033031,21.4,41.4,18.5,10.3,3.2,0.704,0.154,1.16,0.99,1.46,2
4033034,23.0,37.9,20.3,10.1,3.4,0.797,0.163,1.13,0.97,1.4,2
4033038,23.9,36.9,20.3,9.9,3.5,0.769,0.178,1.18,1.0,1.42,2
4033035,26.1,36.9,18.8,9.1,3.2,0.784,0.159,1.39,1.19,1.6,2
4033042,24.8,36.1,20.2,9.6,3.5,0.772,0.159,1.23,1.05,1.45,2
4033045,26.3,35.7,19.0,9.6,3.4,0.813,0.169,1.38,1.17,1.6,2
4033052,25.6,34.9,20.2,9.8,3.6,0.81,0.183,1.27,1.08,1.49,2
4033054,25.3,35.2,20.2,9.9,3.5,0.808,0.182,1.25,1.07,1.49,2
4033065,22.0,40.2,18.7,9.9,3.4,0.747,0.171,1.18,1.0,1.44,2
4033070,26.9,29.6,22.9,10.6,4.1,0.83,0.203,1.17,1.0,1.39,3
4033075,24.2,35.1,21.2,10.2,3.7,0.779,0.174,1.14,0.97,1.38,2
4033080,24.3,39.2,17.6,10.3,3.2,0.744,0.227,1.38,1.17,1.66,2
4033085,23.1,41.0,18.2,9.0,3.4,0.78,0.155,1.27,1.07,1.49,2
4033089,20.7,44.6,17.3,8.9,3.2,0.713,0.152,1.2,1.01,1.44,2
4033105,25.6,35.7,19.9,9.2,3.7,0.815,0.198,1.29,1.08,1.47,2
4033112,29.4,33.0,18.9,8.6,4.3,0.856,0.222,1.56,1.27,1.64,0
4033115,29.6,26.8,22.8,11.0,3.9,0.823,0.22,1.3,1.11,1.52,0
4033118,26.4,30.5,23.2,10.3,4.1,0.853,0.183,1.14,0.97,1.34,3
4033120,32.1,19.8,25.8,12.1,4.7,0.797,0.222,1.24,1.05,1.45,3
4033125,33.4,21.2,23.7,11.9,4.4,0.829,0.21,1.41,1.19,1.61,3
4033130,31.5,23.2,24.1,11.3,4.4,0.749,0.205,1.31,1.11,1.5,0
4033139,30.6,25.8,22.9,10.8,4.1,0.815,0.212,1.34,1.13,1.53,0
4033140,28.9,31.3,19.8,10.7,3.6,0.797,0.197,1.46,1.24,1.69,0
4033150,27.7,31.4,20.8,10.8,3.8,0.768,0.192,1.33,1.13,1.57,2
4033152,24.1,39.9,17.8,9.6,3.3,0.622,0.193,1.35,1.14,1.6,2
4033155,26.6,35.9,18.3,10.2,3.5,0.707,0.194,1.45,1.22,1.69,2
4033162,27.9,34.3,18.5,10.3,3.5,0.714,0.183,1.51,1.27,1.74,2
4033166,29.1,25.9,23.4,11.8,4.4,0.764,0.224,1.24,1.05,1.47,0
4033170,28.3,31.5,21.2,9.8,3.7,0.742,0.202,1.33,1.14,1.53,2
4033175,26.2,37.1,18.7,9.1,3.5,0.719,0.209,1.4,1.18,1.59,2
4033181,25.1,37.7,19.1,9.2,3.5,0.757,0.307,1.31,1.11,1.52,2
4033186,30.3,29.9,21.0,8.9,4.0,0.867,0.299,1.44,1.21,1.57,0
4033189,29.0,29.2,22.3,9.3,4.3,0.9,0.24,1.3,1.09,1.44,0
4033190,28.6,31.3,21.1,9.4,3.9,0.895,0.213,1.36,1.14,1.52,0
4033194,30.9,25.6,23.8,9.5,4.4,0.895,0.257,1.3,1.1,1.43,3
4033195,29.2,29.9,21.8,9.1,4.1,0.856,0.238,1.34,1.13,1.48,0
4033200,28.7,29.4,22.1,10.0,4.0,0.866,0.245,1.3,1.1,1.48,0
4033202,29.2,29.0,22.1,10.2,3.8,0.845,0.23,1.32,1.13,1.52,0
4033207,31.4,25.5,23.0,10.1,4.4,0.886,0.262,1.37,1.15,1.51,0
4033210,31.3,23.9,24.0,10.8,4.5,0.889,0.256,1.3,1.1,1.48,3
4033213,34.1,18.3,26.3,10.7,4.8,1.022,0.281,1.3,1.1,1.44,3
4033215,31.2,21.7,25.3,11.4,4.8,0.886,0.261,1.23,1.04,1.42,3
4033221,26.5,35.7,19.0,9.7,3.6,0.835,0.222,1.39,1.17,1.6,2
4033224,30.2,30.2,21.1,9.2,3.8,0.964,0.214,1.43,1.21,1.58,0
4033225,28.1,34.1,19.9,8.7,3.7,0.844,0.233,1.41,1.19,1.56,0
4033231,25.1,37.1,19.3,9.4,3.6,0.888,0.246,1.3,1.1,1.51,2
4033234,29.1,28.3,22.7,9.6,4.4,0.988,0.276,1.28,1.07,1.42,0
4033237,27.7,35.7,18.2,9.1,3.5,0.91,0.228,1.52,1.28,1.7,2
4033240,26.7,36.8,17.8,9.4,3.5,0.877,0.221,1.5,1.25,1.69,2
4033247,28.9,31.6,20.5,9.4,3.6,0.946,0.254,1.41,1.2,1.59,0
4033250,31.8,28.2,21.0,8.7,4.2,0.986,0.239,1.51,1.26,1.61,0
4033252,29.3,31.1,20.1,9.6,3.8,0.982,0.234,1.46,1.23,1.63,0
4033255,31.4,25.2,23.0,10.2,4.2,1.031,0.247,1.37,1.15,1.53,0
4033259,31.8,28.9,19.9,9.6,3.6,1.035,0.219,1.6,1.35,1.76,0
4033263,30.9,28.6,20.8,9.4,4.0,1.097,0.243,1.49,1.25,1.62,0
4033268,29.8,28.0,21.9,10.5,3.9,1.03,0.254,1.36,1.16,1.56,0
4033270,30.3,28.3,21.5,10.0,4.0,0.996,0.246,1.41,1.19,1.58,0
4033273,30.7,27.6,21.8,9.9,4.1,1.06,0.249,1.41,1.19,1.57,0
4033279,28.8,31.5,20.2,10.0,3.7,0.976,0.219,1.43,1.21,1.62,0
4033280,29.2,31.5,19.8,10.0,3.8,0.972,0.224,1.47,1.24,1.66,0
4033290,27.2,36.8,17.6,9.0,3.5,0.877,0.205,1.55,1.29,1.72,2
4033296,30.2,28.5,21.0,10.4,3.9,0.992,0.208,1.44,1.21,1.63,0
4033298,29.8,29.6,20.6,10.1,3.9,0.961,0.226,1.45,1.22,1.63,0
4033305,29.1,32.2,20.0,9.1,3.8,0.99,0.21,1.46,1.22,1.61,0
4033306,29.2,30.5,21.0,9.5,4.1,0.927,0.223,1.39,1.16,1.54,0
4033310,29.8,28.6,21.8,9.9,4.2,0.903,0.236,1.37,1.15,1.53,0
4033315,27.6,31.8,20.8,10.3,3.9,0.879,0.2,1.33,1.12,1.53,2
4033316,31.0,26.7,22.1,9.9,4.5,0.903,0.235,1.4,1.17,1.54,0
4033318,28.1,29.9,21.9,10.4,4.1,0.883,0.211,1.28,1.08,1.48,0
4033319,28.6,28.7,21.9,10.8,4.3,0.906,0.224,1.31,1.09,1.5,0
4033320,31.0,27.6,21.5,9.8,4.4,0.951,0.228,1.44,1.2,1.58,0
4033323,29.6,28.0,21.6,10.7,4.1,0.948,0.224,1.37,1.15,1.57,0
4033330,29.5,27.8,21.9,10.6,4.1,0.999,0.216,1.35,1.13,1.54,0
4033335,35.2,18.8,24.2,10.8,4.7,1.122,0.225,1.45,1.22,1.59,3
4033337,29.6,28.9,21.6,9.7,4.1,0.967,0.215,1.37,1.15,1.53,0
4033340,28.0,29.2,21.4,11.3,4.0,0.925,0.21,1.31,1.1,1.55,0
4033343,29.2,30.7,20.3,9.5,4.1,0.94,0.223,1.44,1.2,1.59,0
4033351,28.4,33.6,19.2,9.3,3.8,0.856,0.226,1.48,1.23,1.64,0
4033360,26.9,36.2,18.6,9.1,3.6,0.842,0.205,1.45,1.21,1.62,2
4033362,26.9,36.0,18.4,9.5,3.5,0.79,0.24,1.46,1.23,1.66,2
4033372,30.2,25.6,24.3,9.3,4.8,0.935,0.197,1.24,1.04,1.36,3
4033375,31.1,30.7,19.7,9.1,3.8,0.948,0.189,1.58,1.32,1.71,0
4033380,31.3,28.0,21.0,9.8,4.2,0.94,0.215,1.49,1.24,1.63,0
4033384,32.8,26.3,20.9,10.1,3.9,0.997,0.245,1.57,1.32,1.73,0
4033388,29.3,30.0,21.0,9.8,3.9,0.903,0.194,1.4,1.18,1.57,0
4033395,28.3,30.3,21.6,9.5,4.3,0.978,0.207,1.31,1.09,1.46,0
4033397,30.2,27.8,22.3,9.0,4.7,0.896,0.275,1.35,1.12,1.45,0
4033400,30.2,30.7,20.9,8.4,3.9,0.859,0.2,1.44,1.22,1.56,0
4033401,29.0,33.4,19.3,8.4,4.0,0.841,0.209,1.5,1.24,1.61,0
4033405,28.9,33.7,19.4,8.0,4.1,0.865,0.214,1.49,1.23,1.57,0
4033410,27.9,35.2,19.0,8.5,3.6,0.788,0.181,1.47,1.23,1.61,2
4033412,28.9,33.1,19.9,8.5,3.8,0.831,0.19,1.45,1.22,1.58,0
4033424,27.6,32.6,21.1,9.3,3.8,0.775,0.204,1.31,1.11,1.48,2
4033425,28.8,33.3,19.6,8.6,4.1,0.894,0.216,1.47,1.22,1.58,0
4033428,26.7,35.9,19.2,8.8,3.7,0.834,0.198,1.39,1.17,1.55,2
4033430,27.6,36.4,17.9,8.9,3.6,0.844,0.194,1.54,1.28,1.7,2
4033435,28.8,30.7,21.2,9.3,4.0,0.873,0.233,1.36,1.14,1.51,0
4033441,24.1,37.0,20.0,9.3,3.8,0.739,0.206,1.21,1.01,1.4,2
4033445,24.8,38.9,18.2,8.7,3.7,0.771,0.197,1.36,1.13,1.53,2
4033449,25.6,36.9,19.4,8.5,4.0,0.781,0.197,1.32,1.09,1.46,2
4033450,23.5,40.4,17.6,9.4,3.5,0.722,0.191,1.34,1.11,1.56,2
4033456,31.1,24.6,24.5,9.5,4.4,0.785,0.293,1.27,1.08,1.4,3
4033460,31.1,23.1,24.7,10.4,4.9,0.753,0.238,1.26,1.05,1.4,3
4033462,32.0,23.4,25.1,9.3,4.5,0.56,0.218,1.27,1.08,1.4,3
4033465,29.5,28.1,22.8,9.3,4.8,0.759,0.238,1.29,1.07,1.41,3
4033467,28.5,28.9,22.3,10.5,4.4,0.755,0.213,1.28,1.07,1.46,3
4033469,27.7,26.5,21.5,14.6,4.2,0.772,0.194,1.29,1.08,1.65,0
4033473,30.4,23.7,25.0,10.5,4.9,0.845,0.231,1.22,1.02,1.37,3
4033475,28.1,29.4,22.5,10.1,4.4,0.828,0.212,1.25,1.04,1.42,3
4033476,28.6,27.2,23.9,10.2,4.5,0.803,0.214,1.2,1.01,1.37,3
4033480,30.7,25.8,23.5,9.9,4.5,0.787,0.224,1.31,1.1,1.45,3
4033482,28.5,28.0,23.2,10.5,4.3,0.778,0.212,1.23,1.04,1.42,3
4033485,30.3,24.1,24.7,10.2,5.0,0.726,0.237,1.23,1.02,1.36,3
4033490,30.9,24.1,25.0,9.9,4.7,0.773,0.217,1.24,1.04,1.37,3
4033492,28.7,25.5,25.0,10.6,4.8,0.718,0.234,1.15,0.96,1.32,3
4033495,27.0,29.3,23.9,9.7,4.6,0.629,0.266,1.13,0.95,1.29,3
4033499,28.7,27.7,22.9,10.4,4.6,0.727,0.228,1.25,1.04,1.42,3
4033500,29.3,30.6,20.6,10.2,4.1,0.732,0.206,1.42,1.19,1.6,0
4033506,25.4,34.8,20.4,9.5,4.2,0.732,0.196,1.25,1.03,1.42,2
4033508,27.1,33.1,20.6,9.4,4.0,0.767,0.192,1.32,1.1,1.48,2
4033510,27.3,32.4,21.2,9.0,4.3,0.783,0.198,1.29,1.07,1.42,2
4033520,33.5,17.3,27.5,11.1,5.3,0.776,0.225,1.22,1.02,1.36,3
4033522,31.0,24.8,24.1,10.0,4.7,0.79,0.211,1.29,1.08,1.42,3
4033525,32.2,21.0,26.0,10.3,5.0,0.924,0.226,1.24,1.04,1.37,3
4033528,30.7,26.6,22.6,10.4,4.3,0.788,0.199,1.36,1.14,1.53,0
4033533,26.8,31.0,22.7,10.0,4.2,0.725,0.185,1.18,1.0,1.37,3
4033535,27.0,33.2,20.7,9.8,4.0,0.758,0.18,1.3,1.09,1.49,2
4033538,27.6,30.5,22.6,9.2,4.4,0.756,0.22,1.22,1.02,1.36,3
4033540,32.9,21.8,25.2,9.3,5.0,0.839,0.212,1.31,1.09,1.4,3
4033545,30.7,19.5,26.5,12.1,5.3,0.736,0.227,1.16,0.97,1.35,3
4033547,30.2,28.5,21.6,9.6,4.1,0.865,0.207,1.4,1.18,1.55,0
4033550,31.0,20.1,26.9,10.7,5.3,0.746,0.194,1.15,0.96,1.3,3
4033555,30.4,24.2,24.6,10.0,4.8,0.869,0.174,1.24,1.03,1.37,3
4033557,30.8,20.6,26.6,11.0,5.1,0.856,0.178,1.16,0.97,1.32,3
4033560,32.9,23.8,24.0,8.7,4.7,0.831,0.221,1.37,1.15,1.45,3
4033562,29.4,28.3,22.9,9.1,4.3,0.875,0.166,1.28,1.08,1.42,0
4033565,28.4,28.2,23.0,10.3,4.2,0.84,0.165,1.23,1.04,1.42,3
4033567,31.0,22.3,25.5,10.4,4.8,0.929,0.184,1.22,1.02,1.37,3
4033570,30.2,25.1,24.0,10.4,4.5,0.82,0.202,1.26,1.06,1.42,3
4033573,30.9,20.7,26.7,11.1,5.0,0.88,0.2,1.16,0.97,1.32,3
4033583,32.7,20.9,25.5,10.1,4.8,0.897,0.189,1.28,1.08,1.41,3
4033586,30.1,26.3,23.0,10.3,4.4,0.91,0.173,1.31,1.1,1.47,0
4033591,25.9,34.9,20.3,9.1,4.0,0.762,0.173,1.28,1.07,1.44,2
4033594,28.9,25.9,24.5,10.1,4.7,0.844,0.186,1.18,0.99,1.34,3
4033595,28.3,29.1,22.7,9.5,4.5,0.828,0.171,1.25,1.04,1.39,3
4033598,29.9,26.6,23.3,9.5,4.8,0.851,0.195,1.28,1.06,1.4,3
4033600,30.2,25.7,23.6,10.2,4.6,0.886,0.182,1.28,1.07,1.43,3
4033602,26.4,33.9,21.2,9.1,4.0,0.76,0.175,1.25,1.05,1.41,2
4033604,25.7,34.7,21.2,9.0,4.0,0.789,0.167,1.21,1.02,1.38,2
4033608,25.4,34.0,22.0,8.8,4.4,0.778,0.178,1.15,0.96,1.3,3
4033615,28.8,26.9,23.0,11.1,4.6,0.843,0.291,1.25,1.04,1.45,3
4033620,30.2,24.0,25.1,10.3,4.9,0.875,0.181,1.2,1.01,1.35,3
4033625,28.9,26.1,24.3,10.1,4.9,0.808,0.189,1.19,0.99,1.34,3
4033626,26.7,29.8,23.6,9.7,4.6,0.759,0.211,1.13,0.95,1.29,3
4033631,28.8,29.4,22.6,9.2,4.3,0.854,0.167,1.27,1.07,1.41,0
4033635,26.4,32.4,22.8,8.2,4.5,0.812,0.181,1.16,0.97,1.27,3
4033640,25.3,34.6,18.8,11.5,4.1,0.761,0.217,1.35,1.1,1.61,2
4033642,26.1,32.7,21.6,9.8,4.2,0.757,0.173,1.21,1.01,1.39,2
4033645,26.4,32.5,21.5,9.8,4.2,0.762,0.159,1.23,1.03,1.41,2
4033648,28.1,29.4,22.9,9.8,4.4,0.786,0.158,1.23,1.03,1.39,3
4033650,27.1,31.5,22.2,9.5,4.4,0.745,0.162,1.22,1.02,1.38,3
4033652,26.0,33.6,21.5,9.4,4.1,0.729,0.159,1.21,1.02,1.38,2
4033656,29.6,25.7,24.6,9.7,5.0,0.861,0.188,1.2,1.0,1.33,3
4033657,32.7,28.2,20.7,8.2,4.8,0.824,0.217,1.58,1.28,1.6,0
4033660,28.6,28.7,22.1,10.9,4.3,0.897,0.17,1.29,1.08,1.5,0
4033663,27.3,31.5,21.5,9.9,4.4,0.847,0.174,1.27,1.05,1.44,0
4033666,27.5,32.4,21.2,9.5,4.0,0.839,0.163,1.3,1.09,1.47,2
4033674,26.8,32.2,22.8,8.7,4.1,0.704,0.2,1.18,1.0,1.32,3
4033676,30.3,26.2,24.3,9.2,4.6,0.827,0.18,1.25,1.05,1.37,3
4033678,29.2,28.4,23.4,8.9,4.4,0.776,0.189,1.25,1.05,1.37,3
4033684,29.0,29.6,22.3,9.3,4.2,0.809,0.154,1.3,1.09,1.45,0
4033686,31.3,21.6,26.5,10.2,5.0,0.808,0.166,1.18,0.99,1.32,3
4033689,29.2,29.4,22.7,9.0,4.4,0.769,0.159,1.29,1.08,1.41,3
4033692,30.8,23.0,25.5,10.4,4.9,0.8,0.17,1.21,1.01,1.36,3
4033695,31.2,21.6,26.4,10.1,5.0,0.805,0.165,1.18,0.99,1.32,3
4033697,31.4,22.2,25.7,10.1,5.0,0.816,0.169,1.22,1.02,1.35,3
4033702,31.2,22.7,25.4,10.3,4.9,0.816,0.166,1.23,1.03,1.37,3
4033705,30.0,29.2,21.7,9.6,4.0,0.852,0.165,1.38,1.17,1.54,0
4033707,33.5,20.5,25.7,10.2,4.6,0.914,0.205,1.3,1.11,1.44,3
4033710,29.3,28.7,22.6,9.8,4.0,0.822,0.158,1.3,1.1,1.47,0
4033712,28.5,28.8,22.3,10.2,4.5,0.827,0.177,1.28,1.06,1.44,0
4033717,32.6,21.1,25.2,10.5,4.9,0.842,0.216,1.29,1.08,1.43,3
4033720,32.3,22.2,24.7,10.9,4.5,0.865,0.206,1.31,1.11,1.48,3
4033721,32.2,22.4,24.9,10.5,4.7,0.855,0.197,1.29,1.09,1.44,3
4033728,34.0,20.2,26.1,9.7,4.7,0.907,0.168,1.3,1.1,1.42,3
4033730,33.1,22.8,24.5,9.7,4.5,0.878,0.191,1.35,1.14,1.48,3
4033733,33.3,22.6,24.6,9.3,4.8,0.777,0.218,1.35,1.13,1.45,3
4033736,27.4,33.7,20.9,8.6,4.1,0.796,0.149,1.31,1.1,1.44,2
4033740,34.4,23.3,23.2,9.0,4.8,0.914,0.17,1.48,1.23,1.55,3
4033742,30.3,29.0,21.9,9.2,4.3,0.826,0.157,1.38,1.16,1.51,0
4033745,32.3,22.2,25.6,9.7,4.9,0.841,0.175,1.26,1.06,1.38,3
4033749,32.4,23.3,24.1,9.8,4.3,0.951,0.177,1.34,1.14,1.49,3
4033752,34.8,17.8,26.2,10.6,4.5,0.933,0.213,1.33,1.13,1.48,3
4033760,31.1,26.6,22.2,10.1,4.0,0.923,0.164,1.4,1.19,1.57,0
4033769,33.8,20.9,24.0,10.8,4.5,0.904,0.211,1.41,1.19,1.56,3
4033765,31.6,25.2,22.9,10.4,4.3,0.89,0.262,1.38,1.16,1.54,0
4033773,29.3,32.2,19.5,9.7,3.8,0.78,0.186,1.5,1.26,1.67,0
4033777,30.9,27.4,21.3,10.3,4.3,0.828,0.203,1.45,1.21,1.61,0
4033780,31.2,25.0,23.0,10.7,4.3,0.938,0.213,1.36,1.14,1.53,0
4033792,32.5,26.1,21.6,9.6,4.3,0.832,0.266,1.5,1.25,1.63,0
4033795,34.4,22.3,19.6,13.8,3.9,0.824,0.192,1.76,1.46,2.05,0
4033799,28.6,29.0,21.6,10.7,4.2,0.8,0.211,1.32,1.11,1.52,0
4033803,29.3,29.8,21.0,9.8,4.2,0.86,0.186,1.4,1.16,1.55,0
4033805,28.8,30.6,20.7,9.9,4.0,0.954,0.15,1.39,1.17,1.57,0
4033808,29.3,32.3,19.9,8.8,3.7,0.942,0.14,1.47,1.24,1.61,0
4033810,29.0,31.4,20.1,9.7,3.8,0.894,0.151,1.44,1.21,1.62,0
4033815,30.4,27.9,22.3,9.4,3.9,0.977,0.16,1.36,1.16,1.52,0
4033817,31.5,26.8,21.8,9.8,4.1,0.919,0.201,1.44,1.22,1.59,0
4033830,31.3,26.5,22.7,9.8,4.2,0.955,0.151,1.38,1.16,1.53,0
4033832,29.2,30.3,21.2,9.9,3.9,0.899,0.149,1.38,1.16,1.56,0
4033835,27.9,33.8,19.5,9.7,3.7,0.833,0.145,1.43,1.2,1.62,0
4033840,27.9,30.9,21.7,10.3,3.9,0.798,0.167,1.29,1.09,1.49,0
4033845,29.1,30.1,20.3,10.7,4.2,0.865,0.158,1.43,1.19,1.62,0
4033852,24.9,37.1,19.4,9.1,3.7,0.737,0.197,1.28,1.08,1.47,2
4033853,27.4,32.2,21.6,8.9,4.1,0.835,0.159,1.27,1.07,1.41,0
4033858,28.2,32.5,20.1,9.8,3.7,0.905,0.155,1.4,1.18,1.6,0
4033860,29.9,26.4,22.7,11.1,4.1,0.911,0.172,1.32,1.12,1.53,0
4033866,28.3,29.5,22.2,10.2,4.1,0.905,0.16,1.27,1.08,1.46,0
4033870,29.3,28.8,21.9,10.5,3.9,0.93,0.146,1.34,1.14,1.54,0
4033875,32.3,25.0,22.5,10.2,4.2,0.945,0.175,1.44,1.21,1.59,0
4033880,31.5,26.1,22.3,9.9,4.3,0.94,0.17,1.41,1.18,1.56,0
4033883,32.6,21.3,24.6,11.0,4.5,0.946,0.167,1.33,1.12,1.5,3
4033885,33.5,21.4,24.0,10.6,4.4,0.934,0.186,1.4,1.18,1.55,3
4033890,28.1,30.0,21.8,9.9,4.2,0.926,0.18,1.29,1.08,1.46,0
4033893,31.6,26.1,22.6,9.8,3.9,0.949,0.172,1.4,1.19,1.56,0
4033895,31.1,25.9,23.0,9.2,4.7,0.953,0.212,1.35,1.12,1.45,0
4033897,32.6,23.4,23.6,9.8,4.5,0.952,0.197,1.38,1.16,1.51,3
4033901,30.1,25.1,24.3,10.5,4.4,0.934,0.201,1.24,1.05,1.41,3
4033905,28.3,31.6,20.9,9.8,3.8,0.913,0.193,1.35,1.15,1.54,0
4033908,26.6,35.0,19.1,10.0,3.7,0.907,0.164,1.39,1.17,1.61,2
4033910,27.2,32.4,20.8,10.0,4.0,0.933,0.173,1.31,1.1,1.5,2
4033912,26.3,35.1,19.6,9.5,3.9,0.907,0.178,1.34,1.12,1.52,2
4033915,25.2,38.7,18.3,8.7,3.5,0.851,0.162,1.38,1.16,1.56,2
4033918,27.6,33.3,20.1,9.7,3.7,0.923,0.161,1.37,1.16,1.57,2
4033920,22.5,41.7,17.4,9.4,3.5,0.818,0.162,1.29,1.08,1.53,2
4033923,25.7,35.7,18.9,9.8,3.9,0.853,0.191,1.36,1.13,1.56,2
4033925,27.1,35.4,19.1,8.5,3.9,0.892,0.208,1.42,1.18,1.55,2
4033929,26.9,32.3,20.3,10.7,3.9,0.861,0.168,1.33,1.11,1.55,2
4033930,26.5,33.4,20.0,10.3,3.9,0.858,0.169,1.32,1.11,1.54,2
4033933,25.6,34.4,20.1,10.2,3.7,0.854,0.162,1.27,1.08,1.5,2
4033941,26.8,30.8,21.6,10.8,4.1,0.861,0.191,1.24,1.04,1.46,0
4033943,28.6,28.5,22.3,10.2,4.2,0.873,0.21,1.28,1.08,1.46,0
4033945,30.4,24.4,23.7,11.2,4.3,0.961,0.195,1.28,1.09,1.49,3
4033951,24.9,34.0,20.8,10.1,4.3,0.831,0.185,1.2,0.99,1.39,2
4033955,27.0,32.5,20.6,9.9,4.0,0.904,0.177,1.31,1.1,1.5,2
4033957,29.4,28.3,21.6,10.8,4.2,0.911,0.179,1.36,1.14,1.56,0
4033960,28.8,27.4,23.4,10.6,4.2,0.867,0.2,1.23,1.04,1.43,3
4033963,32.4,26.1,22.3,8.9,4.5,0.961,0.198,1.45,1.21,1.54,0
4033965,26.3,34.8,19.7,10.0,3.8,0.872,0.189,1.34,1.12,1.54,2
4033968,24.5,37.9,18.8,9.8,3.6,0.826,0.175,1.3,1.09,1.53,2
4033970,27.2,33.1,19.9,10.3,4.0,0.922,0.188,1.37,1.14,1.57,2
4033975,27.4,30.9,21.3,10.9,4.1,0.842,0.193,1.29,1.08,1.51,0
4033976,25.2,36.3,18.0,11.5,3.6,0.786,0.172,1.4,1.17,1.7,2
4033981,25.5,34.9,20.4,9.9,3.9,0.782,0.196,1.25,1.05,1.46,2
4033982,26.0,34.3,20.9,9.5,3.9,0.805,0.192,1.24,1.05,1.43,2
4033985,26.1,33.2,20.6,10.5,4.2,0.834,0.211,1.27,1.05,1.48,2
4033987,24.9,37.2,18.8,9.6,3.7,0.82,0.183,1.32,1.11,1.53,2
4033990,24.8,38.3,18.7,8.9,3.5,0.832,0.182,1.33,1.12,1.52,2
4033995,27.2,33.9,19.5,9.7,3.9,0.915,0.193,1.39,1.16,1.58,2
4033998,28.6,29.8,21.1,10.7,4.0,0.878,0.153,1.36,1.14,1.57,0
4034003,23.1,40.6,18.1,8.9,3.7,0.72,0.191,1.28,1.06,1.47,2
4034004,23.0,40.8,18.0,9.1,3.6,0.738,0.188,1.28,1.06,1.49,2
4034014,26.8,32.8,21.6,8.9,4.0,0.78,0.222,1.24,1.05,1.39,2
4034020,31.1,22.6,24.8,10.8,4.7,0.864,0.233,1.25,1.05,1.42,3
4034025,30.9,24.3,23.6,11.3,4.4,0.85,0.205,1.31,1.1,1.51,3
4034027,35.4,18.7,24.8,10.8,4.6,0.846,0.211,1.43,1.2,1.57,3
4034030,32.1,24.0,23.6,10.5,4.3,0.752,0.214,1.36,1.15,1.53,3
4034032,33.4,19.9,25.6,10.5,4.9,0.843,0.19,1.3,1.1,1.44,3
4034035,33.4,26.0,22.1,8.9,3.9,0.921,0.169,1.51,1.28,1.63,0
4034037,34.9,18.0,26.2,10.8,4.5,0.782,0.209,1.33,1.14,1.49,3
4034040,29.0,28.5,22.3,10.6,3.9,0.749,0.202,1.3,1.11,1.51,0
4034043,30.6,29.7,20.8,9.5,3.8,0.754,0.21,1.47,1.24,1.63,0
4034044,28.8,31.7,20.1,10.2,3.8,0.758,0.203,1.43,1.21,1.63,0
4034045,29.5,30.0,21.4,9.9,3.8,0.676,0.25,1.38,1.17,1.56,0
4034047,30.3,28.2,21.8,10.3,3.8,0.76,0.191,1.39,1.18,1.59,0
4034052,33.5,21.6,24.0,10.7,4.4,0.85,0.202,1.4,1.18,1.56,3
4034055,33.4,17.9,27.3,11.0,4.7,0.709,0.214,1.22,1.04,1.39,3
4034058,35.9,14.9,27.4,10.4,5.7,0.799,0.238,1.31,1.08,1.4,3
4034060,35.1,14.4,28.3,11.3,5.3,0.691,0.228,1.24,1.04,1.38,3
4034061,32.7,22.7,24.0,10.6,4.3,0.845,0.206,1.36,1.16,1.53,3
4034067,32.1,24.5,23.1,10.0,4.6,0.785,0.246,1.39,1.16,1.52,3
4034068,32.5,24.2,23.0,9.8,4.7,0.839,0.243,1.41,1.17,1.53,3
4034064,34.5,14.1,29.1,11.8,5.3,0.601,0.238,1.19,1.0,1.35,3
4034070,34.0,19.3,25.2,11.2,4.8,0.793,0.237,1.35,1.13,1.51,3
4034072,32.4,20.7,25.8,10.8,4.8,0.818,0.235,1.26,1.06,1.41,3
4034075,32.2,23.4,24.5,10.0,4.4,0.814,0.234,1.31,1.11,1.46,3
4034077,29.9,25.3,24.3,10.6,4.5,0.746,0.242,1.23,1.04,1.41,3
4034081,28.7,28.4,22.6,10.4,4.6,0.731,0.242,1.27,1.06,1.44,3
4034084,28.5,29.8,22.1,10.2,4.1,0.74,0.216,1.29,1.09,1.48,0
4034085,28.3,27.3,23.9,10.5,4.5,0.781,0.238,1.18,1.0,1.37,3
4034091,26.4,32.2,21.5,10.7,3.9,0.668,0.258,1.23,1.04,1.46,2
4034092,26.5,28.0,24.1,11.5,4.4,0.703,0.221,1.1,0.93,1.33,3
4034096,28.0,28.6,22.8,11.1,4.0,0.761,0.209,1.23,1.04,1.46,3
4034100,25.4,34.2,21.2,10.0,3.7,0.714,0.193,1.2,1.02,1.42,2
4034107,25.5,37.3,19.5,8.5,3.5,0.685,0.218,1.31,1.11,1.48,2
4034109,26.7,35.1,19.6,9.3,3.5,0.735,0.191,1.36,1.16,1.56,2
4034113,28.7,28.9,22.6,10.0,4.0,0.826,0.193,1.27,1.08,1.45,0
4034115,30.7,23.8,24.3,10.9,4.4,0.85,0.22,1.26,1.07,1.45,3
4034119,27.3,30.2,21.8,10.7,4.1,0.787,0.212,1.25,1.05,1.47,0
4034120,23.6,37.8,19.4,9.9,3.6,0.722,0.187,1.22,1.03,1.46,2
4034122,25.2,36.2,20.1,9.3,3.6,0.722,0.18,1.25,1.06,1.46,2
4034130,27.0,36.1,18.9,8.8,3.4,0.735,0.258,1.43,1.21,1.61,2
4034125,27.0,34.1,20.0,9.6,3.8,0.774,0.185,1.35,1.13,1.54,2
4034133,29.3,27.1,22.6,11.5,4.0,0.774,0.21,1.3,1.1,1.53,0
4034135,30.2,28.0,22.8,9.3,4.0,0.849,0.22,1.32,1.13,1.47,0
4034140,27.6,33.3,20.3,9.4,3.7,0.918,0.199,1.36,1.15,1.54,2
4034145,29.7,28.4,22.3,9.7,4.3,0.843,0.241,1.33,1.12,1.48,0
4034148,28.4,29.9,21.8,10.2,4.0,0.858,0.227,1.3,1.1,1.5,0
4034151,28.7,32.2,20.1,9.4,3.7,0.833,0.198,1.43,1.21,1.6,0
4034154,27.4,32.7,20.1,10.2,3.7,0.83,0.195,1.36,1.15,1.58,2
4034156,27.8,32.7,20.1,9.9,3.6,0.824,0.194,1.38,1.17,1.59,0
4034165,31.3,22.5,25.0,11.0,4.7,0.879,0.229,1.25,1.05,1.42,3
4034167,29.9,23.8,24.2,12.3,4.5,0.714,0.213,1.24,1.04,1.47,0
4034171,29.3,28.3,22.3,10.6,4.0,0.788,0.204,1.31,1.11,1.52,0
4034178,28.8,31.1,21.0,9.5,3.9,0.897,0.22,1.37,1.16,1.54,0
4034179,26.7,34.3,19.8,9.9,3.7,0.838,0.217,1.35,1.14,1.56,2
4034181,33.8,18.8,25.1,11.9,4.4,0.853,0.216,1.35,1.15,1.55,3
4034184,29.2,28.2,21.2,11.5,3.8,0.988,0.205,1.38,1.17,1.63,0
4034185,29.3,26.5,23.1,10.8,4.2,0.974,0.218,1.27,1.07,1.47,0
4034190,28.8,27.9,22.2,11.3,4.1,1.04,0.165,1.3,1.1,1.52,0
4034193,27.9,30.7,21.7,10.1,3.9,0.851,0.185,1.29,1.09,1.48,0
4034198,33.1,18.9,25.1,12.4,4.5,1.02,0.224,1.32,1.12,1.54,3
4034201,33.9,18.0,25.3,12.3,4.5,0.99,0.227,1.34,1.14,1.55,3
4034203,31.5,22.1,23.5,12.6,4.5,1.018,0.243,1.34,1.13,1.57,3
4034204,31.4,17.9,26.8,13.1,5.0,0.932,0.256,1.17,0.99,1.4,3
4034205,31.3,20.0,24.8,13.6,4.6,0.984,0.237,1.26,1.06,1.53,3
4034206,30.5,19.1,25.4,14.5,4.7,0.929,0.24,1.2,1.01,1.5,3
4034213,26.7,30.4,21.3,11.7,4.2,0.868,0.231,1.25,1.05,1.51,0
4034214,28.4,24.1,24.4,12.7,4.7,0.949,0.233,1.16,0.98,1.41,3
4034211,30.3,20.5,25.7,12.3,5.2,0.869,0.252,1.18,0.98,1.38,3
4034212,32.4,18.0,26.5,12.2,4.9,0.975,0.227,1.22,1.03,1.42,3
4034219,29.9,25.8,22.6,11.5,4.1,1.029,0.216,1.32,1.12,1.55,0
4034220,30.3,24.2,23.5,11.7,4.1,1.041,0.213,1.29,1.1,1.52,3
4034222,29.1,27.1,22.2,11.5,4.1,1.002,0.211,1.31,1.11,1.54,0
4034225,26.7,31.9,20.2,11.4,3.8,0.972,0.2,1.32,1.11,1.59,2
4034229,30.1,23.0,23.8,12.5,4.5,1.018,0.231,1.26,1.06,1.51,3
4034231,29.6,23.2,23.8,12.9,4.4,1.004,0.225,1.24,1.05,1.51,3
4034234,25.5,32.2,21.4,11.0,4.2,0.948,0.229,1.19,1.0,1.43,2
4034236,23.2,35.3,21.4,10.5,4.0,0.803,0.244,1.08,0.91,1.33,2
4034237,23.5,34.5,21.1,11.2,4.1,0.835,0.238,1.11,0.93,1.38,2
4034241,24.2,35.6,19.9,10.4,3.9,0.906,0.227,1.22,1.02,1.45,2
4034245,23.8,39.6,17.7,9.4,3.5,0.899,0.205,1.34,1.12,1.57,2
4034250,23.9,36.5,19.9,10.0,3.7,0.866,0.213,1.2,1.01,1.44,2
4034254,23.8,37.9,18.9,10.0,3.5,0.848,0.216,1.26,1.06,1.51,2
4034260,25.3,36.7,18.9,9.9,3.7,0.878,0.223,1.34,1.12,1.56,2
4034261,26.9,34.6,20.1,9.1,3.9,0.795,0.267,1.34,1.12,1.5,2
4034262,26.8,30.4,22.3,10.7,4.3,0.95,0.254,1.2,1.01,1.41,0
4034265,23.5,37.2,20.2,9.7,4.0,0.817,0.207,1.16,0.97,1.37,2
4034275,28.3,28.6,22.6,10.4,4.5,0.906,0.257,1.25,1.04,1.43,3
4034276,27.9,28.5,22.8,10.7,4.5,0.902,0.249,1.22,1.02,1.41,3
4034289,28.6,28.2,23.3,9.8,4.3,0.91,0.253,1.23,1.04,1.39,3
4034290,25.3,34.2,20.3,10.7,3.8,0.826,0.195,1.25,1.05,1.49,2
4034294,24.9,37.5,17.9,10.3,4.0,0.875,0.232,1.39,1.14,1.61,2
4034298,30.2,26.6,23.1,9.9,4.7,0.94,0.253,1.31,1.09,1.44,0
4034300,31.2,22.8,24.4,11.4,4.5,1.002,0.229,1.28,1.08,1.47,3
4034304,28.1,26.6,23.9,11.2,4.6,0.902,0.244,1.18,0.99,1.38,3
4034305,29.9,20.3,27.0,12.0,5.2,0.864,0.258,1.11,0.93,1.3,3
4034308,32.5,19.7,26.3,11.2,4.8,0.918,0.231,1.24,1.05,1.41,3
4034313,30.9,22.8,25.3,10.7,4.5,0.904,0.194,1.22,1.04,1.4,3
4034315,29.9,24.6,25.0,10.2,4.6,0.932,0.182,1.2,1.01,1.35,3
4034316,31.0,25.0,23.5,10.3,4.3,0.905,0.184,1.32,1.12,1.49,3
4034310,32.2,19.9,26.2,10.6,5.2,0.897,0.228,1.23,1.03,1.36,3
4034319,30.3,23.6,24.3,11.0,4.8,0.844,0.207,1.25,1.04,1.42,3
4034321,30.5,23.3,24.5,10.9,4.8,0.869,0.212,1.24,1.04,1.41,3
4034322,30.3,24.1,23.7,11.2,4.6,0.933,0.209,1.28,1.07,1.47,3
4034326,27.8,30.2,19.4,13.1,3.6,0.843,0.209,1.43,1.21,1.78,0
4034328,27.6,32.2,19.6,11.2,3.6,0.839,0.192,1.41,1.19,1.67,0
4034330,28.4,31.4,19.6,10.8,3.9,0.852,0.202,1.45,1.21,1.67,0
4034334,27.6,27.7,19.3,15.7,3.7,0.847,0.222,1.43,1.2,1.88,0
4034336,24.4,37.8,18.6,9.6,3.7,0.787,0.21,1.31,1.09,1.52,2
4034337,24.6,36.6,18.6,10.7,3.6,0.803,0.219,1.32,1.11,1.59,2
4034340,24.3,39.0,18.2,9.1,3.6,0.733,0.208,1.33,1.11,1.53,2
4034342,23.0,40.4,18.2,9.2,3.4,0.753,0.191,1.26,1.06,1.49,2
4034345,25.4,35.8,19.3,10.1,3.6,0.766,0.188,1.32,1.11,1.55,2
4034346,27.9,31.2,21.2,9.9,3.8,0.827,0.165,1.32,1.12,1.51,2
4034352,28.2,33.5,19.5,9.5,3.6,0.872,0.218,1.45,1.22,1.63,0
4034354,30.2,21.5,26.3,11.2,5.2,0.769,0.268,1.15,0.96,1.31,3
4034360,25.1,36.7,18.3,10.3,3.5,0.83,0.271,1.37,1.15,1.62,2
4034364,24.9,36.4,18.4,10.8,3.6,0.809,0.23,1.35,1.13,1.62,2
4034365,25.1,35.0,19.6,10.4,4.0,0.84,0.238,1.28,1.06,1.5,2
4034367,25.2,36.1,18.8,10.2,3.8,0.841,0.211,1.34,1.12,1.57,2
4034372,25.1,36.4,18.8,10.0,3.7,0.798,0.233,1.34,1.12,1.56,2
4034375,26.1,33.8,19.5,10.8,3.8,0.82,0.247,1.34,1.12,1.58,2
4034381,26.8,31.5,22.0,9.7,4.2,0.86,0.252,1.22,1.02,1.39,0
4034386,28.5,30.2,21.4,10.3,3.9,0.915,0.235,1.33,1.13,1.53,0
4034389,26.7,35.3,19.3,9.4,3.7,0.839,0.214,1.38,1.16,1.57,2
4034390,28.0,32.1,20.5,9.6,4.1,0.843,0.239,1.37,1.14,1.53,0
4034393,26.3,33.9,20.6,9.6,3.9,0.85,0.236,1.28,1.07,1.47,2
4034395,26.0,35.7,19.0,10.0,3.7,0.864,0.251,1.37,1.15,1.59,2
4034400,26.9,34.5,20.2,8.7,3.8,0.812,0.26,1.33,1.12,1.48,2
4034407,25.5,34.9,19.9,10.1,3.6,0.824,0.241,1.28,1.09,1.51,2
4034409,31.7,23.4,24.0,10.6,4.2,0.898,0.284,1.32,1.12,1.5,3
4034410,32.8,20.2,25.2,10.5,5.2,0.87,0.34,1.3,1.08,1.42,3
4034413,26.7,32.0,21.3,10.2,4.1,0.84,0.275,1.25,1.05,1.45,0
4034415,28.0,32.0,20.2,10.0,4.0,0.816,0.27,1.39,1.16,1.57,0
4034416,24.5,36.1,20.0,9.9,3.8,0.848,0.258,1.23,1.03,1.45,2
4034421,27.9,33.3,19.5,9.8,3.9,0.851,0.231,1.43,1.19,1.61,0
4034425,27.5,32.1,21.3,9.4,3.9,0.855,0.227,1.29,1.09,1.46,2
4034427,27.6,30.2,22.0,10.5,4.0,0.851,0.248,1.25,1.06,1.47,0
4034430,31.4,24.8,24.5,9.3,4.3,0.914,0.286,1.28,1.09,1.41,3
4034433,29.2,28.3,22.3,10.7,3.9,0.861,0.266,1.31,1.11,1.52,0
4034435,28.0,32.2,20.5,9.7,4.0,0.868,0.268,1.37,1.14,1.54,0
4034439,31.1,29.6,20.0,10.0,3.7,0.864,0.246,1.56,1.31,1.73,0
4034440,28.6,34.0,18.6,9.8,3.5,0.864,0.23,1.54,1.29,1.74,2
4034442,30.4,30.6,19.8,10.2,3.5,0.868,0.228,1.54,1.3,1.74,0
4034445,31.1,30.6,19.2,9.9,3.6,0.906,0.232,1.62,1.36,1.8,0
4034448,31.1,27.9,21.3,10.2,3.9,0.969,0.257,1.46,1.23,1.64,0
4034453,27.1,32.3,20.8,10.1,3.7,0.793,0.222,1.3,1.11,1.52,2
4034456,25.4,37.3,17.8,10.0,3.5,0.812,0.21,1.43,1.19,1.66,2
4034460,26.9,33.2,20.0,10.2,3.8,0.891,0.207,1.34,1.13,1.56,2
4034462,27.1,33.2,20.0,10.0,3.7,0.854,0.215,1.35,1.14,1.57,2
4034465,24.6,35.1,20.2,10.4,3.9,0.826,0.204,1.22,1.02,1.45,2
4034467,25.7,35.3,19.8,9.7,3.7,0.857,0.19,1.3,1.09,1.51,2
4034470,27.9,29.4,22.0,10.8,3.9,0.886,0.227,1.27,1.08,1.49,0
4034471,30.0,24.7,22.3,12.7,4.2,0.867,0.25,1.35,1.13,1.61,0
4034475,28.2,29.3,21.6,11.0,3.9,0.877,0.222,1.31,1.11,1.54,0
4034477,27.9,30.8,21.1,10.6,3.5,0.865,0.214,1.32,1.13,1.57,2
4034482,27.8,31.6,20.6,10.4,3.8,0.879,0.245,1.35,1.14,1.57,2
4034490,27.0,33.2,19.2,11.1,3.8,0.841,0.249,1.41,1.17,1.66,0
4034491,27.4,32.3,20.5,10.0,3.9,0.902,0.237,1.34,1.12,1.53,2
4034493,26.5,33.7,19.7,10.5,3.7,0.865,0.238,1.35,1.13,1.58,2
4034494,24.6,38.2,17.8,10.2,3.4,0.791,0.231,1.38,1.16,1.64,2
4034496,24.4,37.8,18.2,10.7,3.2,0.767,0.232,1.34,1.14,1.64,2
4034503,23.7,39.9,17.2,10.3,3.1,0.777,0.218,1.38,1.17,1.67,2
4034504,25.0,36.0,18.9,10.9,3.4,0.783,0.247,1.32,1.12,1.61,2
4034506,23.8,40.0,17.0,10.2,3.3,0.779,0.229,1.4,1.17,1.67,2
4034508,23.5,39.8,17.7,9.8,3.4,0.79,0.223,1.33,1.11,1.58,2
4034511,22.8,40.8,17.5,9.7,3.5,0.737,0.213,1.3,1.09,1.55,2
4034513,23.0,41.3,17.1,9.7,3.5,0.782,0.231,1.35,1.12,1.59,2
4034517,22.5,40.6,17.3,10.6,3.2,0.772,0.267,1.3,1.1,1.61,2
4034520,25.7,34.9,19.8,10.3,3.7,0.911,0.252,1.3,1.09,1.53,2
4034521,24.8,36.2,19.2,10.4,3.5,0.867,0.25,1.29,1.09,1.55,2
4034524,24.3,36.6,19.2,10.8,3.5,0.856,0.245,1.27,1.07,1.55,2
4034525,25.3,35.3,19.7,10.5,3.6,0.842,0.24,1.28,1.09,1.54,2
4034527,25.6,35.1,19.3,10.7,3.7,0.846,0.257,1.33,1.11,1.58,2
4034530,25.9,34.9,19.4,10.4,3.7,0.858,0.251,1.34,1.12,1.57,2
4034534,28.7,27.0,22.4,12.2,3.9,0.888,0.272,1.28,1.09,1.56,0
4034541,30.6,26.0,22.5,11.1,4.1,0.998,0.261,1.36,1.15,1.57,0
4034545,31.5,19.3,25.9,12.5,5.2,0.924,0.295,1.22,1.01,1.41,3
4034548,34.9,16.8,25.5,12.9,4.5,0.824,0.26,1.37,1.16,1.59,3
4034551,32.1,19.4,25.7,12.6,4.7,0.848,0.246,1.25,1.06,1.47,3
4034553,31.1,21.7,24.5,12.6,4.5,0.925,0.223,1.27,1.07,1.51,3
4034555,31.2,22.6,24.4,12.0,4.3,0.843,0.235,1.28,1.09,1.51,3
4034556,29.9,24.6,23.5,12.1,4.3,0.9,0.238,1.27,1.08,1.51,3
4034560,29.4,25.9,23.1,12.0,4.1,0.893,0.254,1.27,1.08,1.52,0
4034563,28.6,31.2,20.6,9.8,4.0,0.841,0.256,1.39,1.16,1.56,0
4034565,34.5,16.9,26.2,11.8,4.6,0.971,0.258,1.32,1.12,1.5,3
4034567,30.9,24.4,22.9,11.7,4.2,0.912,0.272,1.35,1.14,1.57,0
4034570,33.4,20.2,24.7,11.4,4.4,0.824,0.238,1.35,1.15,1.54,3
4034571,33.9,13.2,28.8,13.0,5.4,0.673,0.263,1.18,0.99,1.37,3
4034575,33.7,15.7,27.7,12.1,5.0,0.842,0.24,1.22,1.03,1.4,3
4034578,31.0,21.8,24.9,11.7,4.8,0.865,0.242,1.24,1.04,1.44,3
4034580,31.4,19.9,25.6,12.3,4.9,0.938,0.26,1.23,1.03,1.43,3
