tar,Coke_1030(c),Coke_1030(s),Coke_1030(humidity),Coke_1030(s112),Coke_1030(s112_315),Coke_1030(s315),Coke_Fine(c),Coke_Fine(s),Coke_Fine(humidity),Coke_Fine(s05),Coke_Fine(s05_335),Coke_Fine(s335),dolomite(cao),dolomite(mgo),dolomite(s0_95),dolomite(s95_385),dolomite(s385_1000),lime(cao),lime(mgo),lime(s0_95),lime(s95_508),dri(fe_metal),dri(fe_total),dri(md),dri(c),dri(cao),dri(sio2),dri(mgo),dri(al2o3),dri(p),dri(mno),dri(gunge),dri(feo),dri(feo_c)
14020915,83.47,0.93,0.0,2.67,94.33,3.0,80.5,1.33,0.0,5.33,93.33,1.33,54.68,33.22,2.5,72.5,0.0,90.7,1.28,2.4,57.6,82.5,87.58,94.2,1.68,0.46,2.67,0.4,0.49,0.05,0.02,9.3,6.53,3.92
14020916,83.05,0.9,0.0,2.0,95.0,3.0,84.34,1.08,0.1,2.29,96.54,1.17,54.3,34.02,2.25,72.75,0.0,90.6,1.33,2.33,64.33,81.4,87.8,92.7,1.8,0.0,0.0,0.0,0.0,0.0,0.0,8.57,8.23,4.57
14020917,81.69,1.22,0.13,2.14,96.18,1.68,84.34,1.08,0.1,2.29,96.54,1.17,54.83,34.4,2.33,64.33,0.0,90.9,1.2,4.0,96.0,81.55,87.4,93.3,1.88,0.0,0.0,0.0,0.0,0.0,0.0,9.05,7.53,4.08
14020918,81.69,1.22,0.13,2.14,96.18,1.68,80.45,1.25,0.0,3.0,93.5,3.5,55.02,33.05,2.0,48.0,0.0,90.73,1.2,2.67,64.0,79.8,86.7,92.03,1.5,0.32,1.71,0.24,0.31,0.03,0.02,9.82,8.88,5.95
14020919,81.69,1.22,0.13,2.14,96.18,1.68,84.34,1.08,0.1,2.29,96.54,1.17,54.7,32.92,2.5,72.5,0.0,90.6,1.2,3.0,63.67,80.75,87.45,92.3,1.65,0.0,0.0,0.0,0.0,0.0,0.0,8.98,8.62,5.25
14020920,81.69,1.22,0.13,2.14,96.18,1.68,98.65,0.21,0.0,1.0,99.0,0.0,54.77,33.17,2.67,97.33,0.0,90.67,1.2,3.33,63.33,81.43,87.7,92.83,1.97,0.0,0.0,0.0,0.0,0.0,0.0,8.54,8.06,4.12
14020921,81.69,1.22,0.13,2.14,96.18,1.68,84.34,1.08,0.1,2.29,96.54,1.17,54.85,32.83,2.75,72.25,0.0,90.82,1.4,3.0,72.0,81.6,87.65,93.1,1.85,0.45,2.53,0.39,0.46,0.06,0.02,8.77,7.78,4.19
14020922,81.69,1.22,0.13,2.14,96.18,1.68,84.34,1.08,0.1,2.29,96.54,1.17,54.8,33.42,1.5,73.5,0.0,90.8,1.3,3.5,71.5,80.14,86.72,92.4,1.83,0.24,1.31,0.22,0.24,0.02,0.01,9.56,8.47,4.58
14020923,81.69,1.22,0.13,2.14,96.18,1.68,84.34,1.08,0.1,2.29,96.54,1.17,54.9,33.4,2.33,64.33,0.0,90.98,1.2,3.75,71.25,80.14,86.72,92.4,1.83,0.24,1.31,0.22,0.24,0.02,0.01,9.56,8.47,4.58
14020924,81.69,1.22,0.13,2.14,96.18,1.68,84.34,1.08,0.1,2.29,96.54,1.17,54.83,33.3,2.33,64.33,0.0,90.95,1.2,4.5,95.5,79.6,85.63,92.93,1.57,0.0,0.0,0.0,0.0,0.0,0.0,11.07,7.76,5.04
14020925,83.18,0.85,0.0,2.25,94.75,3.0,84.34,1.08,0.1,2.29,96.54,1.17,54.8,33.55,3.0,97.0,0.0,91.23,1.2,4.33,95.67,82.2,86.9,94.6,1.6,0.0,0.0,0.0,0.0,0.0,0.0,10.15,6.05,3.78
14020926,81.69,1.22,0.13,2.14,96.18,1.68,84.34,1.08,0.1,2.29,96.54,1.17,55.07,33.61,2.68,82.3,0.14,91.33,1.22,3.86,84.26,79.97,85.8,93.2,1.65,0.24,1.32,0.18,0.24,0.02,0.01,10.88,7.49,4.55
14020927,81.27,0.9,0.0,4.67,93.83,1.5,84.34,1.08,0.1,2.29,96.54,1.17,55.0,33.42,1.5,48.5,0.0,90.65,1.2,3.75,71.25,81.87,86.73,94.4,1.93,0.3,1.77,0.24,0.32,0.04,0.01,9.94,6.26,3.27
14020928,82.0,1.02,0.0,2.5,94.67,2.83,84.34,1.08,0.1,2.29,96.54,1.17,54.83,33.2,2.33,64.33,0.0,91.4,1.2,3.0,63.67,80.4,86.23,93.2,1.77,0.31,1.79,0.29,0.34,0.03,0.01,10.33,7.5,4.24
14020929,81.69,1.22,0.13,2.14,96.18,1.68,84.34,1.08,0.1,2.29,96.54,1.17,54.6,33.13,1.67,65.0,0.0,90.52,1.2,2.75,72.25,82.15,87.45,93.95,1.9,0.0,0.0,0.0,0.0,0.0,0.0,9.13,6.82,3.59
14020930,81.64,0.98,0.0,2.6,94.2,3.2,84.34,1.08,0.1,2.29,96.54,1.17,55.0,32.33,1.5,48.5,0.0,90.47,1.2,2.33,64.33,81.4,86.6,94.0,1.5,0.91,5.1,0.77,0.95,0.1,0.04,10.41,6.69,4.46
14021001,81.69,1.22,0.13,2.14,96.18,1.68,84.34,1.08,0.1,2.29,96.54,1.17,54.67,33.1,2.0,64.67,0.0,92.0,1.2,4.0,96.0,80.63,87.3,92.37,0.0,0.0,0.0,0.0,0.0,0.0,0.0,10.79,8.58,0.0
14021002,81.69,1.22,0.13,2.14,96.18,1.68,84.34,1.08,0.1,2.29,96.54,1.17,54.7,33.25,1.75,48.25,0.0,91.08,1.13,3.17,80.17,81.57,87.62,93.1,1.62,0.23,1.32,0.16,0.24,0.03,0.01,9.02,7.78,4.82
14021003,81.69,1.22,0.13,2.14,96.18,1.68,84.34,1.08,0.1,2.29,96.54,1.17,54.43,33.6,4.0,96.0,0.0,90.99,1.2,3.2,76.8,81.42,87.22,93.32,1.88,0.22,1.31,0.22,0.24,0.03,0.01,9.24,7.46,4.01
14021004,81.93,1.03,0.0,2.0,98.0,0.0,84.34,1.08,0.1,2.29,96.54,1.17,55.07,33.61,2.68,82.3,0.14,91.53,1.07,1.0,32.33,80.7,87.55,92.2,1.65,0.0,0.0,0.0,0.0,0.0,0.0,8.84,8.81,5.36
14021005,81.63,1.3,0.0,3.33,96.67,0.0,84.34,1.08,0.1,2.29,96.54,1.17,54.33,33.53,1.67,65.0,0.0,91.12,1.2,4.25,95.75,80.95,86.88,93.18,1.78,0.23,1.18,0.18,0.22,0.02,0.01,9.65,7.62,4.32
14021006,83.75,0.9,0.0,2.5,97.5,0.0,84.34,1.08,0.1,2.29,96.54,1.17,55.02,33.55,1.75,48.25,0.0,91.18,1.2,3.5,71.5,81.16,86.9,93.38,1.78,0.18,1.03,0.16,0.19,0.02,0.01,9.68,7.38,4.16
14021007,81.69,1.22,0.13,2.14,96.18,1.68,84.34,1.08,0.1,2.29,96.54,1.17,54.5,32.97,2.0,64.67,0.0,90.83,1.2,2.33,64.33,80.77,86.8,93.07,1.9,0.0,0.0,0.0,0.0,0.0,0.0,9.57,7.76,4.18
14021008,81.69,1.22,0.13,2.14,96.18,1.68,84.34,1.08,0.1,2.29,96.54,1.17,54.57,33.17,2.0,64.67,0.0,91.33,1.22,3.86,84.26,81.53,87.3,93.4,2.0,0.0,0.0,0.0,0.0,0.0,0.0,9.05,7.42,3.77
14021009,81.69,1.22,0.13,2.14,96.18,1.68,80.4,1.35,0.0,5.0,93.5,1.5,54.17,33.13,2.33,64.33,0.0,91.22,1.2,2.6,77.4,80.67,87.27,92.43,1.87,0.3,1.57,0.18,0.3,0.04,0.01,8.98,8.49,4.67
14021010,82.33,0.9,0.0,3.0,97.0,0.0,84.34,1.08,0.1,2.29,96.54,1.17,54.6,33.55,3.5,96.5,0.0,91.36,1.2,2.4,57.6,82.0,87.27,93.93,1.8,0.3,1.71,0.23,0.31,0.04,0.01,9.42,6.78,3.79
14021011,82.3,0.8,0.0,5.0,95.0,0.0,84.34,1.08,0.1,2.29,96.54,1.17,54.4,32.6,2.0,48.0,0.0,91.14,1.2,2.2,57.8,81.97,87.33,93.87,1.83,0.3,1.73,0.26,0.32,0.04,0.01,9.3,6.9,3.79
14021012,81.69,1.22,0.13,2.14,96.18,1.68,81.1,1.1,0.0,4.0,94.0,2.0,54.75,32.45,1.5,48.5,0.0,91.13,1.2,2.33,64.33,81.7,87.48,93.4,1.8,0.22,1.25,0.18,0.23,0.03,0.01,9.07,7.43,4.14
14021013,83.3,0.8,0.0,3.0,97.0,0.0,84.34,1.08,0.1,2.29,96.54,1.17,54.3,32.8,2.33,64.33,0.0,91.15,1.2,3.0,72.0,82.2,87.45,93.95,1.7,0.0,0.0,0.0,0.0,0.0,0.0,9.35,6.75,3.97
14021014,80.8,1.3,0.0,3.0,97.0,0.0,80.6,1.3,0.0,4.33,94.33,1.33,54.1,33.6,3.5,96.5,0.0,91.2,1.2,2.75,72.25,82.0,87.57,93.67,1.7,0.3,1.9,0.28,0.33,0.03,0.01,9.14,7.16,4.19
14021015,81.69,1.22,0.13,2.14,96.18,1.68,84.34,1.08,0.1,2.29,96.54,1.17,54.9,34.6,3.0,97.0,0.0,91.4,1.2,4.0,96.0,82.2,87.8,93.62,1.72,0.0,0.0,0.0,0.0,0.0,0.0,8.87,7.2,4.25
14021016,82.38,0.94,0.0,2.8,97.2,0.0,80.3,1.4,0.0,4.0,93.0,3.0,54.9,34.6,2.0,98.0,0.0,90.9,1.2,2.6,57.4,81.47,88.03,92.53,1.77,0.6,3.49,0.49,0.64,0.08,0.02,8.32,8.45,4.98
14021017,82.97,1.0,0.0,2.0,98.0,0.0,80.25,1.02,0.0,3.5,94.25,2.25,55.4,34.5,2.0,98.0,0.0,90.94,1.2,2.6,57.4,80.27,87.43,91.83,1.6,0.0,0.0,0.0,0.0,0.0,0.0,8.91,9.22,5.82
14021018,81.69,1.22,0.13,2.14,96.18,1.68,80.72,1.18,0.0,3.75,91.5,4.75,54.45,33.3,3.5,96.5,0.0,91.15,1.2,2.25,47.75,82.33,87.5,94.07,1.67,0.31,1.87,0.26,0.33,0.03,0.01,9.35,6.65,4.04
14021019,81.69,1.22,0.13,2.14,96.18,1.68,80.35,1.0,0.0,5.0,91.5,3.5,54.7,34.0,3.0,97.0,0.0,90.63,1.2,1.33,32.0,80.13,87.03,92.07,1.63,0.3,1.83,0.28,0.33,0.03,0.01,9.36,8.88,5.47
14021020,81.69,1.22,0.13,2.14,96.18,1.68,76.91,1.47,0.0,3.86,94.71,1.43,54.1,34.8,4.0,96.0,0.0,91.05,1.2,2.5,47.5,81.53,87.7,92.93,1.7,0.3,1.62,0.2,0.3,0.04,0.01,8.83,7.93,4.79
14021021,81.69,1.22,0.13,2.14,96.18,1.68,81.5,1.02,0.0,4.0,92.0,4.0,54.5,33.3,2.5,97.5,0.0,91.25,1.2,2.0,48.0,79.03,86.7,91.17,1.8,0.3,1.67,0.26,0.32,0.04,0.01,9.3,9.86,5.48
14021022,81.69,1.22,0.13,2.14,96.18,1.68,98.68,0.25,0.0,1.0,99.0,0.0,54.6,34.0,3.0,97.0,0.0,91.33,1.22,3.86,84.26,80.42,87.14,92.3,1.64,0.0,0.0,0.0,0.0,0.0,0.0,9.29,8.65,5.29
14021023,81.69,1.22,0.13,2.14,96.18,1.68,96.61,0.34,0.0,1.47,98.18,0.35,54.45,33.05,3.5,96.5,0.0,90.5,1.2,2.0,48.0,80.6,87.3,92.32,1.7,0.22,1.39,0.22,0.25,0.02,0.01,9.08,8.62,5.07
14021024,83.03,0.83,0.0,2.33,97.67,0.0,80.73,1.0,0.0,3.67,93.0,3.33,55.07,33.61,2.68,82.3,0.14,90.1,1.2,0.8,19.2,80.35,86.95,92.4,1.8,0.0,0.0,0.0,0.0,0.0,0.0,9.36,8.49,4.72
14021025,82.38,0.92,0.0,3.75,96.0,0.25,91.53,0.6,0.0,2.1,96.7,1.2,54.7,33.6,3.0,97.0,0.0,90.22,1.2,1.0,24.0,80.83,86.43,93.5,1.87,0.6,3.52,0.48,0.64,0.08,0.02,10.1,7.2,3.87
14021026,82.08,1.0,0.0,2.5,96.75,0.75,80.73,1.3,0.0,3.67,93.0,3.33,54.5,33.25,3.5,96.5,0.0,90.28,1.2,1.0,24.0,79.13,86.47,91.53,1.57,0.0,0.0,0.0,0.0,0.0,0.0,9.87,9.43,6.0
14021027,82.45,1.02,0.0,2.75,97.25,0.0,80.07,1.37,0.0,2.33,92.67,5.0,55.2,34.0,3.0,97.0,0.0,90.38,1.2,1.0,24.0,80.93,87.23,92.77,1.7,0.31,1.82,0.22,0.32,0.04,0.01,9.26,8.1,4.9
14021028,82.2,1.0,0.0,3.0,96.5,0.5,80.87,1.14,0.0,3.71,93.14,3.14,55.3,34.0,2.0,98.0,0.0,90.35,1.3,1.25,23.75,80.63,87.0,92.67,1.9,0.3,1.72,0.26,0.32,0.04,0.01,9.28,8.19,4.34
14021029,81.69,1.22,0.13,2.14,96.18,1.68,84.34,1.08,0.1,2.29,96.54,1.17,55.07,33.61,2.68,82.3,0.14,91.33,1.22,3.86,84.26,80.9,87.0,93.0,1.93,0.0,0.0,0.0,0.0,0.0,0.0,9.32,7.85,4.09
14021030,81.69,1.22,0.13,2.14,96.18,1.68,80.44,1.25,0.0,4.12,93.5,2.38,55.07,33.61,2.68,82.3,0.14,90.43,1.2,1.33,32.0,82.0,87.36,93.84,1.8,0.18,1.13,0.16,0.2,0.02,0.01,9.3,6.9,3.84
14021101,81.69,1.22,0.13,2.14,96.18,1.68,80.1,1.3,0.0,4.0,94.0,2.0,54.2,34.5,4.0,96.0,0.0,90.47,1.2,1.33,32.0,80.3,86.8,92.5,1.8,0.0,0.0,0.0,0.0,0.0,0.0,9.54,8.36,4.63
14021102,81.69,1.22,0.13,2.14,96.18,1.68,84.34,1.08,0.1,2.29,96.54,1.17,55.1,33.5,3.0,97.0,0.0,90.4,1.2,1.67,31.67,82.1,88.05,93.25,1.8,0.46,2.59,0.31,0.48,0.05,0.02,8.45,7.65,4.28
14021103,81.69,1.22,0.13,2.14,96.18,1.68,80.7,1.37,0.0,2.0,93.0,5.0,54.8,33.7,3.0,97.0,0.0,90.65,1.2,2.5,47.5,81.77,87.77,93.13,1.8,0.3,1.84,0.31,0.33,0.03,0.01,8.71,7.72,4.32
14021104,83.23,0.63,0.0,3.33,96.67,0.0,82.07,1.23,0.0,4.33,93.0,2.67,54.7,33.7,4.0,96.0,0.0,91.55,2.43,27.58,72.42,81.55,87.35,93.35,1.8,0.23,1.32,0.16,0.24,0.03,0.01,9.19,7.46,4.23
14021105,83.32,0.78,0.0,2.8,94.6,2.6,84.34,1.08,0.1,2.29,96.54,1.17,54.6,34.0,4.0,96.0,0.0,91.33,1.22,3.86,84.26,81.55,87.65,93.05,1.8,0.23,1.24,0.14,0.23,0.03,0.01,8.8,7.85,4.38
14021106,81.69,1.22,0.13,2.14,96.18,1.68,84.34,1.08,0.1,2.29,96.54,1.17,55.07,33.61,2.68,82.3,0.14,91.33,1.22,3.86,84.26,81.6,87.2,93.57,1.8,0.0,0.0,0.0,0.0,0.0,0.0,9.4,7.2,4.02
14021107,81.22,0.96,0.0,2.6,96.6,0.8,84.34,1.08,0.1,2.29,96.54,1.17,54.75,33.25,3.5,96.5,0.0,91.21,1.29,24.11,75.89,81.77,87.6,93.37,1.87,0.33,1.87,0.24,0.33,0.04,0.01,8.86,7.5,4.11
14021108,80.37,1.0,0.0,2.33,94.33,3.33,84.34,1.08,0.1,2.29,96.54,1.17,54.8,33.35,3.0,97.0,0.0,91.25,1.2,4.0,96.0,81.42,87.5,93.04,1.72,0.18,1.09,0.16,0.2,0.02,0.01,9.04,7.82,4.55
14021109,83.4,0.9,0.0,2.33,95.0,2.67,84.34,1.08,0.1,2.29,96.54,1.17,54.1,32.4,4.0,96.0,0.0,90.92,1.2,5.5,94.5,81.27,87.17,93.2,1.83,0.3,1.72,0.27,0.32,0.04,0.01,9.31,7.59,4.19
14021110,83.6,0.93,0.0,2.33,94.67,3.0,84.34,1.08,0.1,2.29,96.54,1.17,54.17,32.57,1.33,32.0,0.0,90.75,1.2,4.0,96.0,81.7,87.73,93.13,1.53,0.62,3.57,0.63,0.66,0.06,0.03,9.0,7.76,5.14
14021111,83.6,1.0,0.0,2.5,94.5,3.0,84.34,1.08,0.1,2.29,96.54,1.17,55.4,33.7,2.0,98.0,0.0,91.2,1.2,4.0,96.0,79.85,87.35,91.42,1.68,0.22,1.34,0.24,0.24,0.02,0.01,8.83,9.65,5.84
14021112,81.69,1.22,0.13,2.14,96.18,1.68,84.34,1.08,0.1,2.29,96.54,1.17,54.67,32.97,2.33,64.33,0.0,90.9,1.2,4.5,95.5,81.97,88.13,93.0,1.8,0.0,0.0,0.0,0.0,0.0,0.0,8.3,7.93,4.43
14021113,81.69,1.22,0.13,2.14,96.18,1.68,84.34,1.08,0.1,2.29,96.54,1.17,54.63,33.03,2.33,64.33,0.0,91.33,1.22,3.86,84.26,81.7,87.97,92.87,1.77,0.0,0.0,0.0,0.0,0.0,0.0,8.47,8.06,4.65
14021114,81.69,1.22,0.13,2.14,96.18,1.68,84.34,1.08,0.1,2.29,96.54,1.17,54.63,33.33,2.33,64.33,0.0,91.8,1.2,3.0,97.0,80.9,87.37,92.6,1.73,0.31,1.84,0.3,0.33,0.03,0.01,9.05,8.32,4.79
14021115,81.69,1.22,0.13,2.14,96.18,1.68,84.34,1.08,0.1,2.29,96.54,1.17,54.83,32.97,1.67,65.0,0.0,91.24,1.14,2.14,55.0,78.97,87.0,90.77,1.67,0.31,1.69,0.26,0.32,0.04,0.01,9.03,10.34,6.2
14021116,81.69,1.22,0.13,2.14,96.18,1.68,80.67,1.37,0.0,3.29,93.0,3.71,54.67,33.23,2.0,64.67,0.0,91.94,1.12,3.0,77.0,79.7,87.1,91.47,1.77,0.31,1.88,0.29,0.34,0.03,0.01,9.01,9.52,5.37
14021117,81.69,1.22,0.13,2.14,96.18,1.68,84.34,1.08,0.1,2.29,96.54,1.17,54.65,32.2,1.5,48.5,0.0,91.33,1.22,3.86,84.26,79.03,86.83,91.03,1.83,0.32,1.83,0.27,0.33,0.03,0.01,9.1,10.03,5.49
14021118,81.69,1.22,0.13,2.14,96.18,1.68,80.2,1.4,0.0,2.67,92.67,4.67,54.95,33.3,1.75,48.25,0.0,91.7,1.2,4.5,95.5,80.7,87.07,92.67,1.8,0.32,1.68,0.21,0.31,0.04,0.01,9.31,8.19,4.58
14021119,81.69,1.22,0.13,2.14,96.18,1.68,84.34,1.08,0.1,2.29,96.54,1.17,54.75,32.45,2.0,48.0,0.0,91.6,1.2,2.67,64.0,81.2,87.5,92.8,1.95,0.46,2.46,0.3,0.46,0.06,0.02,8.75,8.1,4.13
14021120,81.69,1.22,0.13,2.14,96.18,1.68,84.34,1.08,0.1,2.29,96.54,1.17,54.65,32.4,2.0,48.0,0.0,91.45,1.2,4.5,95.5,80.86,87.31,92.6,1.86,0.0,0.0,0.0,0.0,0.0,0.0,8.98,8.31,4.47
14021121,81.69,1.22,0.13,2.14,96.18,1.68,80.76,1.29,0.0,4.14,93.57,2.29,54.8,33.03,2.33,64.33,0.0,91.5,1.2,4.0,96.0,80.17,86.9,92.27,1.57,0.3,1.73,0.32,0.34,0.03,0.01,9.6,8.66,5.62
14021122,81.69,1.22,0.13,2.14,96.18,1.68,84.34,1.08,0.1,2.29,96.54,1.17,54.4,32.65,1.5,48.5,0.0,91.45,1.2,3.0,97.0,81.25,87.5,92.85,1.7,0.44,2.42,0.4,0.46,0.06,0.02,9.01,8.04,4.81
14021123,81.69,1.22,0.13,2.14,96.18,1.68,97.41,0.48,0.0,1.0,99.0,0.0,54.65,32.55,2.0,48.0,0.0,91.57,1.2,3.33,96.67,78.93,86.57,91.2,1.7,0.3,1.53,0.24,0.3,0.04,0.01,9.55,9.82,5.77
14021124,81.69,1.22,0.13,2.14,96.18,1.68,84.34,1.08,0.1,2.29,96.54,1.17,54.83,33.1,1.67,65.0,0.0,91.3,1.2,4.5,95.5,80.07,87.2,91.82,1.72,0.22,1.25,0.22,0.24,0.03,0.01,9.03,9.17,5.31
14021125,81.69,1.22,0.13,2.14,96.18,1.68,80.23,1.23,0.0,3.56,93.11,3.33,54.4,32.6,1.5,48.5,0.0,91.4,1.2,4.75,95.25,80.14,86.72,92.4,1.83,0.24,1.31,0.22,0.24,0.02,0.01,9.56,8.47,4.58
14021126,81.28,1.18,0.0,2.67,95.17,2.17,84.34,1.08,0.1,2.29,96.54,1.17,54.63,33.2,2.33,64.33,0.0,91.22,1.2,3.75,96.25,80.14,86.72,92.4,1.83,0.24,1.31,0.22,0.24,0.02,0.01,9.56,8.47,4.58
14021127,81.69,1.22,0.13,2.14,96.18,1.68,84.34,1.08,0.1,2.29,96.54,1.17,54.9,33.0,3.0,97.0,0.0,91.6,1.2,4.0,96.0,80.14,86.72,92.4,1.83,0.24,1.31,0.22,0.24,0.02,0.01,9.56,8.47,4.58
14021128,80.71,1.37,0.0,3.57,94.14,2.29,80.0,1.3,0.0,4.0,93.0,3.0,54.1,33.25,3.5,96.5,0.0,91.1,1.2,4.33,95.67,80.14,86.72,92.4,1.83,0.24,1.31,0.22,0.24,0.02,0.01,9.56,8.47,4.58
14021129,81.1,1.02,0.0,4.0,94.8,1.2,84.34,1.08,0.1,2.29,96.54,1.17,54.27,32.8,2.67,64.0,0.0,91.13,1.2,4.0,96.0,80.23,87.58,91.6,1.65,0.0,0.0,0.0,0.0,0.0,0.0,8.66,9.46,5.78
14021130,81.1,1.13,0.0,2.33,94.33,3.33,84.34,1.08,0.1,2.29,96.54,1.17,54.1,33.07,2.33,64.33,0.0,91.53,1.2,4.0,96.0,78.65,88.2,89.2,1.65,0.49,2.48,0.33,0.48,0.06,0.02,7.41,12.29,7.45
14021201,80.77,1.23,0.0,3.0,94.0,3.0,98.69,0.22,0.0,1.0,99.0,0.0,54.17,33.13,2.33,64.33,0.0,91.45,1.2,3.5,96.5,79.5,86.72,91.7,1.7,0.17,0.84,0.11,0.16,0.02,0.01,9.52,9.28,5.52
14021202,80.8,1.17,0.0,2.14,95.57,2.29,98.51,0.29,0.0,1.0,99.0,0.0,54.1,33.2,2.0,98.0,0.0,91.7,1.2,4.33,95.67,79.9,86.88,91.95,1.78,0.24,1.24,0.18,0.24,0.03,0.01,9.35,8.97,5.07
14021203,81.69,1.22,0.13,2.14,96.18,1.68,98.64,0.26,0.0,1.0,99.0,0.0,54.45,32.8,1.0,49.0,0.0,91.22,1.2,4.75,95.25,80.4,87.3,92.13,1.73,0.32,1.73,0.26,0.33,0.03,0.01,8.99,8.88,5.12
14021204,81.69,1.22,0.13,2.14,96.18,1.68,98.59,0.28,0.0,1.0,99.0,0.0,54.9,32.55,2.5,97.5,0.0,91.0,1.2,4.0,96.0,81.8,87.6,93.4,1.9,0.3,1.8,0.27,0.33,0.03,0.01,8.84,7.46,3.93
14021205,80.5,1.22,0.0,4.44,94.56,1.0,98.62,0.29,0.0,1.0,99.0,0.0,54.7,32.83,2.67,64.0,0.0,90.85,1.2,4.5,95.5,82.65,87.95,93.95,1.6,0.46,2.4,0.35,0.46,0.06,0.02,8.93,6.82,4.26
14021206,80.43,1.3,0.0,5.0,93.67,1.33,84.34,1.08,0.1,2.29,96.54,1.17,55.07,33.61,2.68,82.3,0.14,91.33,1.22,3.86,84.26,82.37,88.0,93.6,1.7,0.0,0.0,0.0,0.0,0.0,0.0,8.69,7.25,4.29
14021207,81.69,1.22,0.13,2.14,96.18,1.68,84.34,1.08,0.1,2.29,96.54,1.17,55.07,33.61,2.68,82.3,0.14,91.33,1.22,3.86,84.26,80.47,86.3,93.22,1.6,0.23,1.2,0.17,0.23,0.03,0.01,10.43,7.49,4.69
14021208,80.65,1.3,0.0,3.67,94.0,2.33,98.5,0.3,0.0,1.0,99.0,0.0,55.07,33.61,2.68,82.3,0.14,91.33,1.22,3.86,84.26,81.13,86.8,93.47,1.73,0.31,1.6,0.28,0.3,0.04,0.01,9.84,7.29,4.25
14021209,80.92,1.32,0.0,1.25,90.5,8.25,98.63,0.27,0.0,1.0,99.0,0.0,54.3,32.35,1.0,49.0,0.0,91.48,1.2,4.0,96.0,80.12,86.32,92.8,1.68,0.23,1.16,0.14,0.22,0.03,0.01,10.22,7.98,4.9
14021210,80.35,1.35,0.0,4.5,94.0,1.5,84.34,1.08,0.1,2.29,96.54,1.17,55.07,33.61,2.68,82.3,0.14,91.33,1.22,3.86,84.26,81.05,86.85,93.3,1.8,0.0,0.0,0.0,0.0,0.0,0.0,9.69,7.46,4.15
14021211,81.69,1.22,0.13,2.14,96.18,1.68,84.34,1.08,0.1,2.29,96.54,1.17,54.4,32.65,2.0,48.0,0.0,91.1,1.2,3.0,97.0,77.33,84.93,91.03,1.67,0.0,0.0,0.0,0.0,0.0,0.0,11.22,9.78,6.28
14021212,81.69,1.22,0.13,2.14,96.18,1.68,84.34,1.08,0.1,2.29,96.54,1.17,54.2,32.25,1.5,48.5,0.0,91.12,1.2,3.0,72.0,80.47,87.6,91.83,1.57,0.3,1.68,0.26,0.31,0.04,0.01,8.79,9.18,5.98
14021213,80.86,1.36,0.0,3.43,94.57,2.0,84.34,1.08,0.1,2.29,96.54,1.17,54.03,32.37,1.33,32.0,0.0,91.6,1.2,3.0,97.0,80.73,87.7,92.03,1.57,0.6,3.3,0.53,0.61,0.07,0.02,8.74,8.96,5.73
14021214,81.05,1.35,0.0,3.5,94.5,2.0,84.34,1.08,0.1,2.29,96.54,1.17,54.87,32.4,2.67,64.0,0.0,91.5,1.2,4.0,96.0,79.57,86.9,91.57,1.4,0.0,0.0,0.0,0.0,0.0,0.0,9.6,9.43,6.77
14021215,80.93,1.36,0.0,3.43,94.29,2.29,84.34,1.08,0.1,2.29,96.54,1.17,54.5,32.3,4.0,96.0,0.0,91.15,1.2,4.5,95.5,77.7,86.0,90.3,1.6,0.9,5.15,0.78,0.96,0.11,0.03,10.02,10.68,6.67
14021216,80.85,1.23,0.0,2.5,93.75,3.75,84.34,1.08,0.1,2.29,96.54,1.17,54.43,32.8,2.33,64.33,0.0,91.1,1.2,2.0,64.67,80.5,86.75,92.8,1.6,0.0,0.0,0.0,0.0,0.0,0.0,9.86,8.04,5.01
14021217,80.83,1.36,0.0,3.45,94.36,2.18,84.34,1.08,0.1,2.29,96.54,1.17,55.3,32.8,3.0,97.0,0.0,91.22,1.2,11.0,64.0,80.87,87.4,92.53,1.5,0.3,1.48,0.24,0.28,0.04,0.01,9.23,8.4,5.71
14021218,82.23,1.07,0.0,3.11,94.67,2.22,98.45,0.4,0.0,3.0,97.0,0.0,55.07,33.61,2.68,82.3,0.14,91.0,1.2,4.0,96.0,81.27,87.23,93.17,1.8,0.0,0.0,0.0,0.0,0.0,0.0,9.26,7.68,4.29
14021219,81.69,1.22,0.13,2.14,96.18,1.68,84.34,1.08,0.1,2.29,96.54,1.17,55.1,33.1,4.0,96.0,0.0,91.0,1.2,4.5,95.5,80.42,86.82,92.64,1.64,0.18,0.94,0.14,0.17,0.02,0.01,9.71,8.23,5.12
14021220,81.69,1.22,0.13,2.14,96.18,1.68,84.34,1.08,0.1,2.29,96.54,1.17,54.8,33.3,4.0,96.0,0.0,91.2,1.2,4.0,96.0,81.6,87.47,93.3,1.67,0.3,1.58,0.24,0.3,0.04,0.01,9.19,7.55,4.55
14021221,81.69,1.22,0.13,2.14,96.18,1.68,80.1,1.4,0.0,0.0,94.0,6.0,55.07,33.61,2.68,82.3,0.14,91.33,1.22,3.86,84.26,80.4,87.03,92.37,1.7,0.31,1.84,0.26,0.33,0.03,0.01,9.37,8.53,5.38
14021222,81.69,1.22,0.13,2.14,96.18,1.68,75.47,1.83,0.0,4.0,91.67,4.33,55.1,33.1,3.0,97.0,0.0,91.3,1.2,4.33,95.67,82.35,88.0,93.6,1.95,0.44,2.48,0.66,0.48,0.03,0.02,8.43,7.27,3.74
14021223,81.69,1.22,0.13,2.14,96.18,1.68,84.34,1.08,0.1,2.29,96.54,1.17,54.7,33.7,3.0,97.0,0.0,91.25,1.2,2.67,64.0,81.87,87.73,93.3,1.97,0.0,0.0,0.0,0.0,0.0,0.0,8.62,7.55,3.98
14021224,81.69,1.22,0.13,2.14,96.18,1.68,84.34,1.08,0.1,2.29,96.54,1.17,54.8,33.3,1.0,99.0,0.0,90.88,1.3,4.75,70.25,80.27,86.67,92.6,1.8,0.3,1.78,0.26,0.32,0.03,0.01,9.7,8.23,4.59
14021225,81.69,1.22,0.13,2.14,96.18,1.68,84.34,1.08,0.1,2.29,96.54,1.17,54.65,33.2,1.5,48.5,0.0,91.0,1.2,5.0,95.0,80.45,87.0,92.5,1.75,0.0,0.0,0.0,0.0,0.0,0.0,9.37,8.43,4.83
14021226,81.69,1.22,0.13,2.14,96.18,1.68,84.34,1.08,0.1,2.29,96.54,1.17,55.07,33.61,2.68,82.3,0.14,90.98,1.2,4.4,95.6,81.93,87.57,93.57,1.77,0.3,1.82,0.27,0.33,0.04,0.01,9.05,7.25,4.12
14021227,80.4,1.5,0.0,1.0,98.0,1.0,84.34,1.08,0.1,2.29,96.54,1.17,55.2,33.2,2.0,98.0,0.0,91.1,1.2,3.6,76.4,82.13,87.67,93.7,1.83,0.31,1.86,0.25,0.32,0.03,0.01,8.91,7.12,3.96
14021228,81.69,1.22,0.13,2.14,96.18,1.68,84.34,1.08,0.1,2.29,96.54,1.17,54.57,32.5,2.33,64.33,0.0,90.7,1.2,4.0,96.0,80.62,87.0,92.65,1.95,0.47,2.7,0.36,0.49,0.05,0.02,9.22,8.2,4.28
14021229,81.69,1.22,0.13,2.14,96.18,1.68,84.34,1.08,0.1,2.29,96.54,1.17,54.1,32.4,4.0,96.0,0.0,90.82,1.2,3.0,72.0,81.45,87.05,93.6,2.0,0.0,0.0,0.0,0.0,0.0,0.0,9.35,7.2,3.72
14030101,81.69,1.22,0.13,2.14,96.18,1.68,84.34,1.08,0.1,2.29,96.54,1.17,55.07,33.61,2.68,82.3,0.14,91.33,1.22,3.86,84.26,81.57,87.53,93.2,1.73,0.0,0.0,0.0,0.0,0.0,0.0,9.02,7.68,4.45
14030102,81.69,1.22,0.13,2.14,96.18,1.68,84.34,1.08,0.1,2.29,96.54,1.17,55.07,33.61,2.68,82.3,0.14,90.9,1.2,5.0,95.0,79.57,86.77,91.7,1.87,0.31,1.74,0.26,0.33,0.03,0.01,9.3,9.26,4.98
14030103,81.69,1.22,0.13,2.14,96.18,1.68,84.34,1.08,0.1,2.29,96.54,1.17,55.07,33.61,2.68,82.3,0.14,91.33,1.22,3.86,84.26,80.4,86.9,92.55,1.8,0.0,0.0,0.0,0.0,0.0,0.0,9.44,8.36,4.65
14030104,81.69,1.22,0.13,2.14,96.18,1.68,84.34,1.08,0.1,2.29,96.54,1.17,54.9,32.1,0.0,0.0,0.0,90.2,1.6,3.0,97.0,79.65,87.05,91.5,1.75,0.46,2.74,0.36,0.49,0.05,0.02,9.08,9.52,5.51
14030105,81.69,1.22,0.13,2.14,96.18,1.68,84.34,1.08,0.1,2.29,96.54,1.17,54.53,32.92,1.25,48.75,0.0,90.78,1.2,2.0,48.0,80.47,86.87,92.63,2.1,0.32,1.77,0.24,0.32,0.03,0.01,9.2,8.23,3.94
14030106,81.5,1.5,0.8,2.0,97.0,1.0,81.5,1.5,0.8,2.0,97.0,1.0,53.67,32.73,2.0,64.67,0.0,91.18,1.2,2.25,47.75,82.33,87.87,93.7,1.87,0.0,0.0,0.0,0.0,0.0,0.0,8.68,7.12,3.87
14030107,80.0,1.5,5.3,1.0,98.0,1.0,80.0,1.5,5.3,2.0,97.0,1.0,53.78,32.6,1.2,38.8,0.0,91.0,1.2,2.83,63.83,81.67,87.67,93.13,2.13,0.3,1.74,0.23,0.3,0.04,0.01,8.48,7.72,3.68
14030108,80.15,1.5,0.75,1.0,98.0,1.0,80.15,1.5,0.75,2.0,97.0,1.0,54.12,32.75,2.25,47.75,0.0,90.2,1.2,2.4,57.6,82.95,88.6,93.65,1.8,0.0,0.0,0.0,0.0,0.0,0.0,7.98,7.27,4.08
14030109,80.7,1.5,3.0,3.0,96.0,1.0,80.7,1.5,3.0,2.0,97.0,1.0,54.32,32.64,1.6,38.4,0.0,90.46,1.2,2.14,55.0,80.07,87.07,91.93,1.8,0.29,1.85,0.26,0.34,0.03,0.01,9.13,9.01,5.07
14030110,80.2,1.5,0.6,4.0,95.0,1.0,80.2,1.5,0.6,2.0,97.0,1.0,54.33,32.6,2.33,64.33,0.0,90.9,1.2,4.0,96.0,80.63,87.23,92.43,1.87,0.0,0.0,0.0,0.0,0.0,0.0,9.01,8.49,4.59
14030111,81.69,1.22,0.13,2.14,96.18,1.68,96.35,0.9,0.0,4.0,96.0,0.0,54.5,32.7,3.0,97.0,0.0,90.5,1.2,3.2,76.8,80.8,87.1,92.8,1.83,0.3,1.69,0.26,0.32,0.03,0.01,9.26,8.1,4.41
14030112,81.69,1.22,0.13,2.14,96.18,1.68,84.34,1.08,0.1,2.29,96.54,1.17,54.7,32.6,2.0,48.0,0.0,91.0,1.2,5.0,95.0,78.9,86.4,91.3,2.0,0.0,0.0,0.0,0.0,0.0,0.0,9.45,9.65,4.82
14030113,81.69,1.22,0.13,2.14,96.18,1.68,84.34,1.08,0.1,2.29,96.54,1.17,55.07,33.61,2.68,82.3,0.14,91.33,1.22,3.86,84.26,80.17,87.2,91.93,1.83,0.0,0.0,0.0,0.0,0.0,0.0,8.95,9.05,4.98
14030114,81.69,1.22,0.13,2.14,96.18,1.68,96.35,0.8,0.0,5.0,95.0,0.0,54.0,32.8,3.0,97.0,0.0,90.83,1.2,4.33,95.67,80.77,86.7,93.13,2.17,0.3,1.73,0.25,0.32,0.03,0.01,9.43,7.63,3.59
14030115,80.55,1.5,1.1,1.5,97.5,1.0,86.03,1.27,0.73,3.0,96.33,0.67,54.03,32.77,1.33,65.33,0.0,90.22,1.2,3.6,76.4,81.15,87.38,92.9,2.1,0.46,2.69,0.39,0.49,0.05,0.02,8.74,8.01,3.93
14030116,80.5,1.42,0.8,1.5,97.5,1.0,80.5,1.42,0.8,2.0,97.0,1.0,53.98,32.46,1.6,38.4,0.0,90.65,1.2,2.5,47.5,80.73,87.5,92.27,1.93,0.0,0.0,0.0,0.0,0.0,0.0,8.63,8.71,4.55
14030117,81.69,1.22,0.13,2.14,96.18,1.68,84.34,1.08,0.1,2.29,96.54,1.17,54.22,32.67,1.75,48.25,0.0,90.95,1.2,3.5,96.5,80.05,86.82,92.18,2.02,0.0,0.0,0.0,0.0,0.0,0.0,9.21,8.72,4.37
14030118,81.69,1.22,0.13,2.14,96.18,1.68,97.05,0.85,0.0,1.5,97.5,1.0,54.3,32.57,1.75,48.25,0.0,90.74,1.2,1.8,38.2,80.27,86.47,92.83,1.77,0.32,1.73,0.24,0.32,0.03,0.01,9.99,7.98,4.6
14030119,80.2,1.5,2.9,2.0,97.0,1.0,94.14,0.98,0.58,1.6,97.4,1.0,54.2,32.47,1.67,65.0,0.0,91.04,1.12,2.8,57.2,79.7,86.5,92.15,1.85,0.46,2.56,0.38,0.48,0.05,0.02,9.7,8.75,4.74
14030120,80.75,1.45,0.25,2.0,97.0,1.0,87.22,1.22,0.1,1.8,97.4,0.8,54.4,32.5,1.25,48.75,0.0,90.75,1.2,2.83,63.83,81.03,86.5,93.67,1.8,0.31,1.82,0.25,0.33,0.03,0.01,10.13,7.03,4.0
14030121,81.69,1.22,0.13,2.14,96.18,1.68,87.26,1.09,0.0,2.1,97.4,0.5,54.42,33.12,1.5,48.5,0.0,90.74,1.2,3.4,76.6,80.93,86.7,93.33,1.87,0.31,1.87,0.28,0.34,0.03,0.01,9.78,7.42,4.03
14030122,81.69,1.22,0.13,2.14,96.18,1.68,84.34,1.08,0.1,2.29,96.54,1.17,53.8,32.35,1.0,49.0,0.0,90.55,1.2,2.0,48.0,80.73,86.87,92.93,1.83,0.31,1.88,0.27,0.33,0.03,0.01,9.54,7.89,4.32
14030123,81.69,1.22,0.13,2.14,96.18,1.68,79.3,1.0,0.0,3.5,96.5,0.0,53.7,32.7,1.5,48.5,0.0,90.67,1.2,2.33,64.33,80.97,87.5,92.53,1.63,0.31,1.8,0.26,0.33,0.03,0.01,8.99,8.4,5.2
14030124,81.69,1.22,0.13,2.14,96.18,1.68,80.2,1.1,0.0,3.0,97.0,0.0,54.55,32.95,3.5,96.5,0.0,90.3,1.2,3.0,97.0,78.73,85.97,91.57,1.47,0.0,0.0,0.0,0.0,0.0,0.0,10.49,9.31,6.49
14030125,80.3,1.4,0.0,1.5,97.5,1.0,85.52,1.04,0.0,2.6,97.07,0.33,54.52,32.92,1.75,48.25,0.0,90.93,1.2,2.57,54.57,80.2,86.75,92.45,1.6,0.48,2.58,0.36,0.48,0.04,0.02,9.77,8.43,5.38
14030126,81.0,1.4,0.0,1.0,98.0,1.0,80.46,0.92,0.0,2.62,97.25,0.12,54.72,32.9,1.17,32.17,0.0,91.15,1.2,2.33,47.67,78.9,85.65,92.1,1.75,0.0,0.0,0.0,0.0,0.0,0.0,10.67,8.68,4.99
14030127,80.1,1.45,0.0,3.0,96.0,1.0,80.1,1.45,0.0,2.0,97.0,1.0,54.78,33.0,1.75,48.25,0.0,90.88,1.2,3.75,96.25,79.1,86.1,91.9,2.15,0.0,0.0,0.0,0.0,0.0,0.0,9.74,9.01,4.19
14030128,80.4,1.4,0.0,1.0,98.0,1.0,80.4,1.4,0.0,2.0,97.0,1.0,55.07,33.61,2.68,82.3,0.14,91.33,1.22,3.86,84.26,79.0,86.7,91.15,1.55,0.42,2.91,0.79,0.52,0.02,0.02,9.54,9.91,7.35
14030129,80.1,1.4,0.0,3.0,96.0,1.0,89.41,1.01,0.0,2.36,97.09,0.55,49.93,32.67,1.33,32.0,0.0,90.6,1.2,2.4,57.6,81.1,87.45,92.7,1.65,0.0,0.0,0.0,0.0,0.0,0.0,9.08,8.17,4.92
14030130,80.1,1.4,0.0,2.67,96.33,1.0,81.42,0.97,0.0,2.7,96.6,0.7,57.27,33.27,1.33,65.33,0.0,91.41,1.43,2.29,54.86,80.75,87.45,92.35,1.65,0.46,2.85,0.41,0.51,0.05,0.02,8.98,8.62,5.56
14030131,81.69,1.22,0.13,2.14,96.18,1.68,84.34,1.08,0.1,2.29,96.54,1.17,57.7,33.47,2.33,64.33,0.0,90.6,1.6,3.5,96.5,81.9,87.5,93.6,1.7,0.0,0.0,0.0,0.0,0.0,0.0,9.2,7.2,4.24
14030201,80.1,1.4,0.0,2.0,97.0,1.0,86.36,1.05,0.0,2.27,97.09,0.64,55.07,33.61,2.68,82.3,0.14,91.33,1.22,3.86,84.26,80.1,87.8,91.2,1.3,0.85,4.39,1.35,0.88,0.06,0.04,8.69,9.91,7.62
14030202,80.13,1.5,0.0,2.67,96.33,1.0,84.25,1.19,0.0,2.38,97.0,0.62,55.43,34.03,2.33,64.33,0.0,91.78,1.27,2.67,64.0,80.7,86.0,93.8,2.0,0.0,0.0,0.0,0.0,0.0,0.0,10.48,6.82,3.41
14030203,80.47,1.48,0.0,3.0,96.0,1.0,80.16,1.39,0.0,2.11,97.11,0.78,56.15,34.1,3.5,96.5,0.0,92.4,1.2,2.0,48.0,81.1,87.4,92.8,1.5,0.0,0.0,0.0,0.0,0.0,0.0,9.3,8.1,5.4
14030204,80.34,1.5,0.0,2.4,96.6,1.0,86.33,1.17,0.0,2.18,97.09,0.73,56.0,34.28,1.25,48.75,0.0,92.28,1.2,1.83,48.17,80.57,87.47,92.13,2.0,0.31,1.73,0.24,0.32,0.03,0.01,8.56,8.88,4.45
14030205,80.73,1.5,0.0,2.67,96.33,1.0,85.93,1.23,0.0,2.17,97.0,0.83,55.85,34.05,2.0,48.0,0.0,91.95,1.2,2.25,47.75,80.5,86.85,92.7,1.55,0.0,0.0,0.0,0.0,0.0,0.0,9.78,8.17,5.31
14030206,80.78,1.48,0.0,2.5,96.5,1.0,80.65,1.34,0.0,2.25,97.0,0.75,55.9,34.1,1.67,65.0,0.0,92.07,1.2,3.0,63.67,80.8,88.3,91.5,2.0,0.0,0.0,0.0,0.0,0.0,0.0,7.55,9.65,4.82
14030207,81.69,1.22,0.13,2.14,96.18,1.68,82.4,1.3,0.0,2.0,98.0,0.0,56.33,33.83,1.67,65.0,0.0,91.33,1.22,3.86,84.26,80.8,87.7,92.15,1.8,0.0,0.0,0.0,0.0,0.0,0.0,8.52,8.88,4.9
14030208,81.69,1.22,0.13,2.14,96.18,1.68,97.1,0.8,0.0,1.33,97.67,1.0,55.07,33.61,2.68,82.3,0.14,91.33,1.22,3.86,84.26,78.0,86.2,90.5,1.8,0.95,5.66,0.94,1.01,0.09,0.04,9.65,10.55,5.86
14030209,81.05,1.49,0.0,2.2,96.8,1.0,83.86,1.3,0.0,1.94,97.18,0.88,55.9,34.9,3.5,96.5,0.0,91.65,1.2,4.5,95.5,80.63,86.77,92.9,2.0,0.31,1.96,0.29,0.34,0.03,0.01,9.48,7.89,4.11
14030210,81.69,1.22,0.13,2.14,96.18,1.68,79.95,1.3,0.0,2.5,97.0,0.5,55.55,34.25,3.5,96.5,0.0,91.8,1.2,5.0,95.0,79.76,86.1,92.62,2.06,0.19,1.1,0.15,0.2,0.02,0.01,10.02,8.16,4.04
14030211,81.27,1.5,0.0,1.33,97.67,1.0,92.94,0.99,0.0,1.73,97.36,0.91,56.15,33.85,3.5,96.5,0.0,91.75,1.2,4.5,95.5,79.67,86.43,92.17,1.83,0.31,1.88,0.27,0.34,0.03,0.01,9.79,8.71,4.8
14030212,80.62,1.5,0.0,3.0,96.0,1.0,88.99,1.15,0.0,2.0,97.12,0.88,56.0,34.9,3.0,97.0,0.0,91.4,1.2,4.0,96.0,80.6,86.43,93.27,1.9,0.31,1.77,0.25,0.33,0.03,0.01,10.0,7.5,3.96
14030213,80.18,1.5,0.0,1.8,97.2,1.0,80.18,1.5,0.0,2.0,97.0,1.0,56.3,34.0,4.0,96.0,0.0,91.6,1.2,4.67,95.33,79.75,86.48,92.25,2.0,0.23,1.45,0.23,0.26,0.02,0.01,9.6,8.65,4.36
14030214,81.69,1.22,0.13,2.14,96.18,1.68,84.34,1.08,0.1,2.29,96.54,1.17,55.8,34.4,3.0,97.0,0.0,91.33,1.22,3.86,84.26,78.7,85.7,91.82,1.95,0.0,0.0,0.0,0.0,0.0,0.0,10.34,9.01,4.78
14030215,81.69,1.22,0.13,2.14,96.18,1.68,84.34,1.08,0.1,2.29,96.54,1.17,56.7,35.0,3.0,97.0,0.0,92.25,1.2,4.0,96.0,76.3,85.25,89.5,2.15,0.46,2.67,0.38,0.49,0.05,0.02,10.04,11.51,5.35
14030216,80.7,1.47,0.0,1.67,97.33,1.0,90.73,1.01,0.0,2.0,97.2,0.8,55.9,34.9,4.0,96.0,0.0,91.9,1.2,4.0,96.0,78.45,85.85,91.4,1.85,0.46,2.68,0.38,0.5,0.04,0.02,10.18,9.52,5.14
14030217,80.88,1.45,0.0,1.5,97.5,1.0,80.83,1.13,0.0,2.64,96.55,0.82,54.9,33.95,3.0,97.0,0.0,90.0,1.6,3.5,96.5,78.43,85.07,92.2,2.1,0.31,1.74,0.22,0.32,0.03,0.01,10.93,8.53,4.13
14030218,80.26,1.48,0.0,1.4,97.6,1.0,80.3,1.25,0.0,2.5,96.6,0.9,56.1,33.85,3.5,96.5,0.0,91.05,1.4,4.5,95.5,80.32,85.75,93.65,2.08,0.0,0.0,0.0,0.0,0.0,0.0,10.62,6.98,3.39
14030219,80.45,1.42,0.0,1.5,97.5,1.0,82.95,1.24,0.0,2.23,96.62,1.15,55.65,34.3,4.0,96.0,0.0,91.6,1.2,4.5,95.5,80.22,85.75,93.52,2.0,0.24,1.32,0.18,0.24,0.02,0.01,10.67,7.11,3.56
14030220,80.24,1.5,0.0,1.6,97.4,1.0,81.6,1.14,0.0,2.57,96.64,0.79,56.0,33.75,3.5,96.5,0.0,90.5,1.2,4.0,96.0,78.62,85.22,92.2,1.9,0.23,1.33,0.19,0.25,0.02,0.01,10.98,8.49,4.51
14030221,81.69,1.22,0.13,2.14,96.18,1.68,84.34,1.08,0.1,2.29,96.54,1.17,55.07,33.61,2.68,82.3,0.14,91.33,1.22,3.86,84.26,79.6,85.4,93.2,1.88,0.0,0.0,0.0,0.0,0.0,0.0,11.06,7.46,4.2
14030222,80.5,1.5,0.0,1.33,97.67,1.0,84.44,1.07,0.0,2.31,96.75,0.94,55.07,33.61,2.68,82.3,0.14,91.33,1.22,3.86,84.26,79.5,84.5,94.1,2.6,0.92,5.51,0.74,0.98,0.11,0.04,11.47,6.43,2.47
14030223,80.57,1.43,0.0,1.67,97.33,1.0,83.02,1.07,0.0,2.62,96.46,0.92,55.07,33.61,2.68,82.3,0.14,91.33,1.22,3.86,84.26,79.93,86.0,92.97,2.1,0.31,1.78,0.28,0.32,0.04,0.01,10.16,7.8,3.72
14030224,81.37,1.41,0.0,1.43,97.57,1.0,81.09,1.18,0.0,2.23,96.54,1.23,55.07,33.61,2.68,82.3,0.14,90.73,1.2,4.0,96.0,76.85,85.55,89.82,1.9,0.46,2.46,0.36,0.45,0.05,0.02,10.06,11.19,5.92
14030225,81.42,1.4,0.0,1.5,97.5,1.0,85.16,1.02,0.0,2.5,96.5,1.0,55.9,34.5,3.0,97.0,0.0,90.3,1.2,4.5,95.5,78.11,85.93,90.87,1.91,0.13,0.75,0.12,0.14,0.02,0.0,9.92,10.05,5.45
14030226,81.4,1.4,0.0,1.0,98.0,1.0,80.88,1.05,0.0,2.33,96.83,0.83,55.8,34.4,3.0,97.0,0.0,90.9,1.2,4.5,95.5,75.83,85.7,88.5,1.73,0.0,0.0,0.0,0.0,0.0,0.0,9.74,12.69,7.55
14030227,80.65,1.5,0.0,1.5,97.5,1.0,80.61,1.07,0.0,2.57,96.0,1.43,55.07,33.61,2.68,82.3,0.14,91.9,1.2,4.0,96.0,74.1,85.0,87.17,1.9,0.31,1.8,0.25,0.32,0.04,0.01,9.98,14.02,7.42
14030228,81.69,1.22,0.13,2.14,96.18,1.68,84.34,1.08,0.1,2.29,96.54,1.17,55.07,33.61,2.68,82.3,0.14,91.33,1.22,3.86,84.26,80.17,85.83,93.4,2.07,0.0,0.0,0.0,0.0,0.0,0.0,10.48,7.29,3.55
14030229,81.7,1.45,0.0,1.5,98.0,0.5,86.3,0.95,0.0,1.77,97.54,0.69,55.07,33.61,2.68,82.3,0.14,92.3,1.2,4.5,95.5,79.08,85.82,92.12,2.08,0.23,1.25,0.18,0.23,0.03,0.01,10.17,8.68,4.19
14030230,81.15,1.47,0.0,2.0,97.0,1.0,84.92,1.32,0.0,1.75,97.5,0.75,55.07,33.61,2.68,82.3,0.14,91.33,1.22,3.86,84.26,80.25,86.15,93.15,2.2,0.46,2.56,0.37,0.46,0.05,0.02,9.96,7.59,3.42
14030231,80.98,1.5,0.0,1.5,97.5,1.0,80.99,1.26,0.0,2.6,96.6,0.8,56.4,33.7,3.0,97.0,0.0,91.33,1.22,3.86,84.26,80.63,86.83,92.87,2.03,0.31,1.56,0.24,0.29,0.03,0.01,9.36,7.98,3.92
14030301,81.76,1.5,0.0,1.4,97.8,0.8,81.76,1.5,0.0,2.0,97.0,1.0,56.3,34.4,3.0,97.0,0.0,91.8,1.2,4.0,96.0,77.8,85.8,90.63,1.8,0.32,1.64,0.23,0.3,0.03,0.01,10.11,10.29,5.95
14030302,81.69,1.22,0.13,2.14,96.18,1.68,81.32,0.9,0.0,2.17,96.17,1.67,55.3,34.1,4.0,96.0,0.0,90.55,1.2,4.5,95.5,79.33,86.17,92.03,1.97,0.62,3.33,0.47,0.61,0.07,0.02,9.91,8.79,4.49
14030303,80.91,1.5,0.0,2.44,97.33,0.22,87.13,1.15,0.0,2.14,97.1,0.76,55.9,34.5,3.0,97.0,0.0,91.05,1.2,4.5,95.5,78.1,86.3,90.5,1.75,0.0,0.0,0.0,0.0,0.0,0.0,9.6,10.55,7.06
14030304,81.69,1.22,0.13,2.14,96.18,1.68,84.34,1.08,0.1,2.29,96.54,1.17,55.5,34.2,2.0,98.0,0.0,90.8,1.2,5.0,95.0,79.03,86.17,91.73,1.93,0.0,0.0,0.0,0.0,0.0,0.0,9.86,9.18,4.8
14030305,80.4,1.5,0.0,2.0,97.33,0.67,85.99,1.25,0.0,2.07,97.2,0.73,55.07,33.61,2.68,82.3,0.14,91.9,1.2,5.5,94.5,79.9,86.55,92.3,1.75,0.46,2.51,0.34,0.46,0.05,0.02,9.79,8.56,4.91
14030306,81.69,1.22,0.13,2.14,96.18,1.68,96.95,0.85,0.0,2.0,98.0,0.0,55.8,34.5,3.0,97.0,0.0,91.33,1.22,3.86,84.26,73.43,83.73,87.67,1.6,0.3,1.38,0.42,0.27,0.02,0.01,11.72,13.25,10.58
14030307,81.69,1.22,0.13,2.14,96.18,1.68,96.99,0.88,0.0,1.88,97.88,0.25,55.07,33.61,2.68,82.3,0.14,91.33,1.22,3.86,84.26,79.37,86.0,92.27,2.03,0.0,0.0,0.0,0.0,0.0,0.0,10.07,8.53,4.22
14030308,81.69,1.22,0.13,2.14,96.18,1.68,97.15,0.8,0.0,1.25,98.75,0.0,55.9,34.5,4.0,96.0,0.0,91.0,1.2,5.0,95.0,79.35,86.8,91.4,1.75,0.24,1.35,0.2,0.24,0.02,0.01,9.32,9.58,5.73
14030309,81.69,1.22,0.13,2.14,96.18,1.68,96.96,0.82,0.0,1.4,98.6,0.0,56.3,34.0,4.0,96.0,0.0,91.25,1.2,4.5,95.5,79.0,86.55,91.28,1.9,0.48,2.67,0.4,0.47,0.05,0.02,9.39,9.71,5.13
14030310,81.69,1.22,0.13,2.14,96.18,1.68,97.0,0.8,0.0,1.5,98.5,0.0,56.0,33.8,4.0,96.0,0.0,91.07,1.2,4.33,95.67,80.45,86.25,93.3,2.25,0.0,0.0,0.0,0.0,0.0,0.0,9.84,7.46,3.35
14030311,81.69,1.22,0.13,2.14,96.18,1.68,84.34,1.08,0.1,2.29,96.54,1.17,55.8,34.4,3.0,97.0,0.0,91.7,1.2,4.0,96.0,78.4,85.7,91.45,2.0,0.0,0.0,0.0,0.0,0.0,0.0,10.21,9.39,4.7
14030312,81.69,1.22,0.13,2.14,96.18,1.68,96.97,0.83,0.0,1.86,98.14,0.0,56.05,33.85,3.5,96.5,0.0,92.0,1.2,4.0,96.0,79.7,85.65,93.05,2.25,0.46,2.62,0.38,0.48,0.05,0.02,10.4,7.65,3.39
14030313,81.69,1.22,0.13,2.14,96.18,1.68,97.4,0.8,0.0,2.0,98.0,0.0,56.07,34.07,1.67,65.0,0.0,91.77,1.2,4.67,95.33,79.7,86.13,92.5,2.03,0.32,1.72,0.28,0.31,0.03,0.01,9.99,8.28,4.08
14030314,81.69,1.22,0.13,2.14,96.18,1.68,84.34,1.08,0.1,2.29,96.54,1.17,55.07,33.61,2.68,82.3,0.14,91.33,1.22,3.86,84.26,80.14,86.72,92.4,1.83,0.24,1.31,0.22,0.24,0.02,0.01,9.56,8.47,4.58
14030315,81.69,1.22,0.13,2.14,96.18,1.68,84.34,1.08,0.1,2.29,96.54,1.17,56.1,34.25,2.5,97.5,0.0,91.75,1.2,4.5,95.5,81.0,86.4,93.7,1.8,1.0,5.58,0.88,0.95,0.08,0.04,10.25,6.95,3.86
14030316,81.69,1.22,0.13,2.14,96.18,1.68,96.9,0.8,0.0,2.0,98.0,0.0,55.55,34.25,2.0,98.0,0.0,91.5,1.2,4.33,95.67,79.6,86.3,92.25,1.75,0.48,2.51,0.4,0.45,0.05,0.02,10.03,8.62,4.94
14030317,81.69,1.22,0.13,2.14,96.18,1.68,84.34,1.08,0.1,2.29,96.54,1.17,53.75,32.95,3.0,97.0,0.0,89.5,1.2,4.0,96.0,78.45,86.0,91.2,1.9,0.46,2.5,0.36,0.46,0.05,0.02,9.94,9.71,5.64
14030318,81.69,1.22,0.13,2.14,96.18,1.68,84.34,1.08,0.1,2.29,96.54,1.17,54.9,32.9,3.0,97.0,0.0,90.4,1.2,4.0,96.0,78.0,85.53,91.17,1.73,0.0,0.0,0.0,0.0,0.0,0.0,10.58,9.69,5.86
14030319,81.69,1.22,0.13,2.14,96.18,1.68,97.1,0.9,0.0,2.0,98.0,0.0,54.85,32.9,3.5,96.5,0.0,91.2,1.2,5.0,95.0,80.37,86.67,92.77,1.77,0.28,1.76,0.58,0.33,0.01,0.01,9.76,8.1,5.57
14030320,81.69,1.22,0.13,2.14,96.18,1.68,80.5,0.8,0.0,2.0,96.0,2.0,55.07,33.61,2.68,82.3,0.14,91.2,1.2,4.5,95.5,78.65,86.4,91.05,1.7,0.46,2.5,0.56,0.46,0.03,0.02,9.68,9.97,5.92
14030321,80.3,1.3,0.0,1.0,42.0,57.0,79.97,0.97,0.0,2.0,97.0,1.0,55.65,33.9,3.0,97.0,0.0,91.2,1.2,4.0,96.0,77.8,85.8,90.7,1.4,0.95,5.34,0.91,0.96,0.1,0.04,10.51,10.29,7.35
14030322,80.55,1.3,0.0,2.0,97.5,0.5,80.17,0.9,0.0,1.7,96.8,1.5,55.55,33.85,3.5,96.5,0.0,91.5,1.2,5.0,95.0,76.5,84.8,90.2,0.0,0.0,0.0,0.0,0.0,0.0,0.0,12.82,10.68,0.0
14030323,81.69,1.22,0.13,2.14,96.18,1.68,80.68,0.8,0.0,2.5,95.83,1.67,55.3,34.0,3.0,97.0,0.0,91.92,1.2,4.5,95.5,79.95,86.1,92.85,2.2,0.0,0.0,0.0,0.0,0.0,0.0,9.94,7.91,3.67
14030324,80.05,1.3,0.0,2.0,97.5,0.5,80.55,0.92,0.0,1.9,96.4,1.7,55.65,33.9,3.0,97.0,0.0,91.7,1.2,4.67,95.33,80.0,87.1,91.8,2.0,0.0,0.0,0.0,0.0,0.0,0.0,8.87,9.13,4.57
14030325,81.69,1.22,0.13,2.14,96.18,1.68,84.34,1.08,0.1,2.29,96.54,1.17,54.8,33.7,2.0,98.0,0.0,90.7,1.2,5.0,95.0,79.75,85.98,92.72,1.82,0.24,1.24,0.2,0.22,0.02,0.01,10.42,8.01,4.55
14030326,80.07,1.33,0.0,2.0,97.33,0.67,80.58,0.93,0.0,2.31,96.23,1.46,55.2,34.0,3.0,97.0,0.0,91.15,1.2,4.0,96.0,77.7,85.8,90.6,2.2,0.95,4.84,0.8,0.91,0.1,0.04,9.68,10.42,4.74
14030327,81.69,1.22,0.13,2.14,96.18,1.68,79.97,0.8,0.0,2.83,95.83,1.33,54.9,33.6,3.5,96.5,0.0,91.14,1.2,4.0,96.0,80.14,86.72,92.4,1.83,0.24,1.31,0.22,0.24,0.02,0.01,9.56,8.47,4.58
14030328,81.69,1.22,0.13,2.14,96.18,1.68,80.13,0.93,0.0,2.67,96.0,1.33,54.6,33.6,4.0,96.0,0.0,91.13,1.2,4.0,96.0,79.8,86.6,92.1,2.1,0.0,0.0,0.0,0.0,0.0,0.0,9.35,8.75,4.17
14030329,81.69,1.22,0.13,2.14,96.18,1.68,80.27,1.03,0.0,2.57,95.71,1.71,55.07,33.61,2.68,82.3,0.14,91.4,1.2,5.0,95.0,80.5,86.9,92.6,2.2,0.0,0.0,0.0,0.0,0.0,0.0,9.07,8.23,3.74
14030330,81.69,1.22,0.13,2.14,96.18,1.68,81.13,1.1,0.0,2.33,95.67,2.0,55.8,34.0,4.0,96.0,0.0,91.47,1.2,4.33,95.67,79.7,86.2,92.5,1.8,0.0,0.0,0.0,0.0,0.0,0.0,10.14,8.36,4.65
14030331,81.69,1.22,0.13,2.14,96.18,1.68,83.59,0.7,0.0,2.25,96.12,1.62,55.3,34.1,2.0,98.0,0.0,91.75,1.2,4.5,95.5,81.5,87.0,93.7,2.4,0.0,0.0,0.0,0.0,0.0,0.0,9.02,7.08,2.95
14030401,81.69,1.22,0.13,2.14,96.18,1.68,84.34,1.08,0.1,2.29,96.54,1.17,55.8,34.0,2.0,98.0,0.0,91.33,1.22,3.86,84.26,79.9,87.1,91.7,1.9,0.0,0.0,0.0,0.0,0.0,0.0,8.94,9.26,4.88
14030402,81.69,1.22,0.13,2.14,96.18,1.68,79.6,0.8,0.0,4.0,95.0,1.0,55.2,33.85,3.5,96.5,0.0,91.52,1.2,4.0,96.0,80.14,86.72,92.4,1.83,0.24,1.31,0.22,0.24,0.02,0.01,9.56,8.47,4.58
14030403,81.69,1.22,0.13,2.14,96.18,1.68,84.34,1.08,0.1,2.29,96.54,1.17,54.1,33.6,3.0,97.0,0.0,91.03,1.2,4.33,95.67,77.95,86.5,90.1,1.55,0.96,4.86,0.78,0.9,0.1,0.04,9.5,11.0,7.08
14030404,81.69,1.22,0.13,2.14,96.18,1.68,84.34,1.08,0.1,2.29,96.54,1.17,55.0,33.8,3.0,97.0,0.0,91.25,1.2,4.25,95.75,80.14,86.72,92.4,1.83,0.24,1.31,0.22,0.24,0.02,0.01,9.56,8.47,4.58
14030405,81.69,1.22,0.13,2.14,96.18,1.68,84.34,1.08,0.1,2.29,96.54,1.17,55.3,33.85,3.5,96.5,0.0,91.33,1.22,3.86,84.26,79.9,86.8,92.1,2.1,0.0,0.0,0.0,0.0,0.0,0.0,9.12,8.88,4.23
14030406,81.69,1.22,0.13,2.14,96.18,1.68,84.34,1.08,0.1,2.29,96.54,1.17,55.15,33.75,3.5,96.5,0.0,91.25,1.2,5.0,95.0,81.8,87.5,93.5,2.1,0.0,0.0,0.0,0.0,0.0,0.0,8.77,7.33,3.49
14030407,81.65,1.4,3.75,0.0,94.0,6.0,81.65,1.4,3.75,2.0,97.0,1.0,54.8,33.7,2.0,98.0,0.0,91.5,1.2,4.5,95.5,80.6,87.2,92.4,2.1,0.0,0.0,0.0,0.0,0.0,0.0,8.81,8.49,4.04
14030408,81.69,1.22,0.13,2.14,96.18,1.68,84.34,1.08,0.1,2.29,96.54,1.17,55.3,34.1,2.0,98.0,0.0,91.8,1.2,4.0,96.0,79.9,86.3,92.6,1.8,0.0,0.0,0.0,0.0,0.0,0.0,10.07,8.23,4.57
14030409,81.69,1.22,0.13,2.14,96.18,1.68,84.34,1.08,0.1,2.29,96.54,1.17,56.4,34.1,2.0,98.0,0.0,90.9,1.2,5.0,95.0,80.8,87.5,92.35,1.75,0.0,0.0,0.0,0.0,0.0,0.0,8.83,8.62,5.35
14030410,82.45,1.31,0.0,1.75,96.5,1.75,82.45,1.31,0.0,2.0,97.0,1.0,55.0,33.8,3.0,97.0,0.0,90.85,1.2,4.5,95.5,78.9,86.4,91.3,2.0,0.0,0.0,0.0,0.0,0.0,0.0,9.45,9.65,4.82
14030411,81.95,1.38,0.0,1.25,96.5,2.25,81.95,1.38,0.0,2.0,97.0,1.0,55.07,33.61,2.68,82.3,0.14,91.2,1.2,4.0,96.0,78.53,86.27,91.03,1.93,0.32,1.62,0.26,0.31,0.03,0.01,9.58,9.95,5.11
14030412,82.03,1.32,0.0,1.67,96.0,2.33,82.03,1.32,0.0,2.0,97.0,1.0,55.07,33.61,2.68,82.3,0.14,91.38,1.2,4.0,96.0,79.4,86.37,91.93,1.9,0.0,0.0,0.0,0.0,0.0,0.0,9.74,8.96,4.73
14030413,82.31,1.32,0.0,1.62,96.5,1.88,82.31,1.32,0.0,2.0,97.0,1.0,55.07,33.61,2.68,82.3,0.14,91.05,1.2,4.0,96.0,79.15,87.35,90.62,1.88,0.0,0.0,0.0,0.0,0.0,0.0,8.43,10.55,6.12
14030414,81.85,1.3,0.0,1.5,97.0,1.5,81.85,1.3,0.0,2.0,97.0,1.0,55.07,33.61,2.68,82.3,0.14,91.33,1.22,3.86,84.26,80.17,87.13,92.0,1.83,0.33,1.83,0.31,0.33,0.03,0.01,9.04,8.96,4.97
14030415,81.69,1.22,0.13,2.14,96.18,1.68,84.34,1.08,0.1,2.29,96.54,1.17,55.07,33.61,2.68,82.3,0.14,91.33,1.22,3.86,84.26,79.5,86.8,91.6,1.6,0.0,0.0,0.0,0.0,0.0,0.0,9.51,9.39,5.87
14030416,82.1,1.25,0.0,0.67,96.67,2.67,82.1,1.25,0.0,2.0,97.0,1.0,55.07,33.61,2.68,82.3,0.14,91.33,1.22,3.86,84.26,80.5,86.15,93.45,2.0,0.48,2.48,0.31,0.46,0.05,0.02,10.23,7.27,3.67
14030417,80.3,1.1,0.0,1.0,98.0,1.0,80.3,1.1,0.0,2.0,97.0,1.0,55.07,33.61,2.68,82.3,0.14,93.1,2.4,1.33,32.0,79.05,86.65,91.2,2.0,0.48,2.59,0.36,0.48,0.05,0.02,9.17,9.78,4.88
14030418,81.55,1.27,0.0,0.75,96.5,2.75,81.55,1.27,0.0,2.0,97.0,1.0,55.07,33.61,2.68,82.3,0.14,91.28,1.3,4.25,95.75,79.05,86.3,91.6,1.8,0.48,2.68,0.36,0.49,0.04,0.02,9.82,9.33,5.18
14030419,82.75,1.35,0.0,0.5,96.5,3.0,82.75,1.35,0.0,2.0,97.0,1.0,55.07,33.61,2.68,82.3,0.14,91.25,1.3,4.25,95.75,80.14,86.72,92.4,1.83,0.24,1.31,0.22,0.24,0.02,0.01,9.56,8.47,4.58
14030420,81.6,1.37,0.0,0.5,96.83,2.67,81.6,1.37,0.0,2.0,97.0,1.0,55.07,33.61,2.68,82.3,0.14,91.32,1.3,4.25,95.75,80.1,86.3,92.8,2.0,0.0,0.0,0.0,0.0,0.0,0.0,9.92,7.98,3.99
14030421,82.44,1.42,0.0,0.6,96.6,2.8,82.44,1.42,0.0,2.0,97.0,1.0,55.07,33.61,2.68,82.3,0.14,91.37,1.2,4.0,96.0,80.14,86.72,92.4,1.83,0.24,1.31,0.22,0.24,0.02,0.01,9.56,8.47,4.58
14030422,81.69,1.22,0.13,2.14,96.18,1.68,84.34,1.08,0.1,2.29,96.54,1.17,55.07,33.61,2.68,82.3,0.14,91.1,1.2,5.0,95.0,80.1,86.9,92.2,1.5,0.0,0.0,0.0,0.0,0.0,0.0,9.65,8.75,5.83
14030423,81.18,1.35,0.0,0.25,96.5,3.25,81.18,1.35,0.0,2.0,97.0,1.0,55.07,33.61,2.68,82.3,0.14,91.47,1.2,4.0,96.0,78.9,86.2,91.5,2.0,0.48,2.68,0.4,0.48,0.05,0.02,9.71,9.39,4.7
14030424,82.03,1.34,0.0,1.2,97.0,1.8,82.03,1.34,0.0,2.0,97.0,1.0,55.07,33.61,2.68,82.3,0.14,91.45,1.2,4.5,95.5,80.14,86.72,92.4,1.83,0.24,1.31,0.22,0.24,0.02,0.01,9.56,8.47,4.58
14030425,81.69,1.22,0.13,2.14,96.18,1.68,84.34,1.08,0.1,2.29,96.54,1.17,55.07,33.61,2.68,82.3,0.14,91.33,1.22,3.86,84.26,81.6,86.6,94.2,2.1,0.0,0.0,0.0,0.0,0.0,0.0,9.87,6.43,3.06
14030426,81.69,1.22,0.13,2.14,96.18,1.68,84.34,1.08,0.1,2.29,96.54,1.17,55.07,33.61,2.68,82.3,0.14,91.33,1.22,3.86,84.26,81.0,87.3,92.8,1.7,0.0,0.0,0.0,0.0,0.0,0.0,9.2,8.1,4.77
14030427,81.69,1.22,0.13,2.14,96.18,1.68,84.34,1.08,0.1,2.29,96.54,1.17,55.07,33.61,2.68,82.3,0.14,91.78,1.2,3.5,79.83,80.14,86.72,92.4,1.83,0.24,1.31,0.22,0.24,0.02,0.01,9.56,8.47,4.58
14030428,82.25,1.34,0.0,0.6,96.5,2.9,82.25,1.34,0.0,2.0,97.0,1.0,55.07,33.61,2.68,82.3,0.14,91.93,1.2,3.33,80.0,80.14,86.72,92.4,1.83,0.24,1.31,0.22,0.24,0.02,0.01,9.56,8.47,4.58
14030429,81.69,1.22,0.13,2.14,96.18,1.68,84.34,1.08,0.1,2.29,96.54,1.17,55.07,33.61,2.68,82.3,0.14,91.3,1.2,4.5,95.5,80.14,86.72,92.4,1.83,0.24,1.31,0.22,0.24,0.02,0.01,9.56,8.47,4.58
14030430,80.68,1.39,0.0,0.46,96.54,3.0,80.68,1.39,0.0,2.0,97.0,1.0,55.2,34.4,3.0,97.0,0.0,92.0,1.2,4.5,95.5,76.4,85.4,89.5,1.9,0.98,5.12,0.83,0.95,0.1,0.04,10.12,11.58,6.09
14030431,81.67,1.41,1.03,0.47,96.53,3.0,81.67,1.41,1.03,2.0,97.0,1.0,55.6,34.3,4.5,95.5,0.0,91.6,1.2,4.2,95.8,80.14,86.72,92.4,1.83,0.24,1.31,0.22,0.24,0.02,0.01,9.56,8.47,4.58
14030501,81.2,1.43,0.0,3.33,96.0,0.67,81.2,1.43,0.0,2.0,97.0,1.0,55.15,34.75,2.5,97.5,0.0,91.66,1.2,4.6,95.4,79.9,86.0,92.9,2.0,0.97,5.29,0.88,0.94,0.1,0.04,10.25,7.85,3.92
14030502,82.16,1.39,0.0,0.38,96.25,3.38,82.16,1.39,0.0,2.0,97.0,1.0,53.0,33.25,3.5,84.5,12.0,91.34,1.2,4.0,96.0,80.25,86.85,92.4,2.05,0.48,2.64,0.44,0.46,0.05,0.02,9.21,8.49,4.17
14030503,81.47,1.43,0.0,1.14,97.29,1.57,81.47,1.43,0.0,2.0,97.0,1.0,55.47,33.5,3.0,78.0,19.0,91.98,1.2,3.8,96.2,79.65,86.75,91.85,1.95,0.48,2.42,0.38,0.45,0.05,0.02,9.27,9.13,4.7
14030504,81.6,1.35,0.0,1.75,96.5,1.75,81.6,1.35,0.0,2.0,97.0,1.0,55.25,33.25,7.0,85.5,7.5,91.68,1.2,3.8,96.2,79.8,86.0,92.8,2.0,0.0,0.0,0.0,0.0,0.0,0.0,10.22,7.98,3.99
14030505,81.69,1.22,0.13,2.14,96.18,1.68,84.34,1.08,0.1,2.29,96.54,1.17,54.85,33.95,2.0,48.0,0.0,91.95,1.2,4.0,96.0,80.6,87.1,92.55,2.35,0.0,0.0,0.0,0.0,0.0,0.0,8.69,8.36,3.56
14030506,81.26,1.38,0.0,0.8,96.8,2.4,81.26,1.38,0.0,2.0,97.0,1.0,55.5,33.82,2.8,76.8,0.4,91.47,1.2,4.0,96.0,80.14,86.72,92.4,1.83,0.24,1.31,0.22,0.24,0.02,0.01,9.56,8.47,4.58
14030507,81.1,1.36,0.0,2.71,96.14,1.14,81.1,1.36,0.0,2.0,97.0,1.0,55.3,34.1,4.0,96.0,0.0,92.1,1.2,3.0,97.0,78.75,85.8,91.8,1.8,0.0,0.0,0.0,0.0,0.0,0.0,10.38,9.07,5.04
14030508,81.69,1.22,0.13,2.14,96.18,1.68,84.34,1.08,0.1,2.29,96.54,1.17,55.2,33.8,4.0,96.0,0.0,91.33,1.22,3.86,84.26,79.4,86.15,92.15,1.82,0.24,1.32,0.22,0.24,0.02,0.01,10.09,8.68,4.84
14030509,81.69,1.22,0.13,2.14,96.18,1.68,84.34,1.08,0.1,2.29,96.54,1.17,54.8,34.1,3.0,97.0,0.0,91.35,1.2,4.5,95.5,80.73,86.4,93.4,1.77,0.32,1.8,0.29,0.32,0.03,0.01,10.21,7.29,4.17
14030510,82.02,1.38,0.0,1.0,96.75,2.25,82.02,1.38,0.0,2.0,97.0,1.0,52.8,35.75,2.5,97.5,0.0,91.48,1.2,4.25,95.75,80.14,86.72,92.4,1.83,0.24,1.31,0.22,0.24,0.02,0.01,9.56,8.47,4.58
14030511,82.3,1.4,0.0,3.0,96.5,0.5,82.3,1.4,0.0,2.0,97.0,1.0,56.07,33.83,3.0,96.0,1.0,91.38,1.2,4.0,96.0,79.57,86.5,92.0,2.0,0.0,0.0,0.0,0.0,0.0,0.0,9.51,8.92,4.46
14030512,81.69,1.22,0.13,2.14,96.18,1.68,84.34,1.08,0.1,2.29,96.54,1.17,55.55,33.45,3.5,96.0,0.5,91.7,1.2,5.0,95.0,79.1,85.7,92.3,2.05,0.48,2.72,0.44,0.49,0.05,0.02,10.36,8.49,4.15
14030513,81.0,1.4,0.0,0.0,97.0,3.0,81.0,1.4,0.0,2.0,97.0,1.0,55.52,33.62,1.5,48.5,0.0,91.45,1.2,4.0,96.0,79.5,86.6,91.8,1.8,0.0,0.0,0.0,0.0,0.0,0.0,9.57,9.13,5.07
14030514,81.5,1.4,0.0,2.0,98.0,0.0,81.5,1.4,0.0,2.0,97.0,1.0,56.35,33.6,3.5,96.5,0.0,91.47,1.2,4.33,95.67,80.45,86.5,93.0,2.3,0.0,0.0,0.0,0.0,0.0,0.0,9.47,7.78,3.38
14030515,81.69,1.22,0.13,2.14,96.18,1.68,84.34,1.08,0.1,2.29,96.54,1.17,55.05,34.1,3.0,97.0,0.0,91.67,1.2,3.33,96.67,80.0,86.3,92.7,2.0,0.96,5.24,0.84,0.95,0.1,0.04,9.9,8.1,4.05
14030516,82.9,0.9,0.0,3.0,97.0,0.0,82.9,0.9,0.0,2.0,97.0,1.0,55.8,33.85,3.5,96.5,0.0,91.98,1.2,4.4,95.6,80.5,87.0,92.5,2.2,0.0,0.0,0.0,0.0,0.0,0.0,8.94,8.36,3.8
14030517,83.9,0.95,0.0,2.75,97.25,0.0,83.9,0.95,0.0,2.0,97.0,1.0,55.85,33.85,2.5,97.5,0.0,91.65,1.2,3.75,96.25,78.7,86.2,91.3,1.85,0.44,2.58,0.44,0.48,0.04,0.02,9.8,9.65,5.42
14030518,81.69,1.22,0.13,2.14,96.18,1.68,84.34,1.08,0.1,2.29,96.54,1.17,55.7,34.0,2.0,98.0,0.0,92.05,1.2,4.25,95.75,79.7,85.9,92.8,2.1,0.0,0.0,0.0,0.0,0.0,0.0,10.22,7.98,3.8
14030519,81.69,1.22,0.13,2.14,96.18,1.68,84.34,1.08,0.1,2.29,96.54,1.17,55.07,33.61,2.68,82.3,0.14,91.33,1.22,3.86,84.26,79.9,86.2,92.7,1.85,0.44,2.61,0.44,0.48,0.04,0.02,10.15,8.1,4.38
14030520,81.05,1.25,0.0,2.5,97.0,0.5,81.05,1.25,0.0,2.0,97.0,1.0,55.57,33.97,1.67,65.0,0.0,91.87,1.2,4.33,95.67,80.14,86.72,92.4,1.83,0.24,1.31,0.22,0.24,0.02,0.01,9.56,8.47,4.58
14030521,82.22,1.35,0.0,1.5,97.0,1.5,82.22,1.35,0.0,2.0,97.0,1.0,55.5,33.93,2.0,64.67,0.0,91.95,1.2,4.25,95.75,79.9,86.25,92.65,1.75,0.0,0.0,0.0,0.0,0.0,0.0,10.18,8.17,4.68
14030522,82.62,1.27,0.0,1.5,96.88,1.62,82.62,1.27,0.0,2.0,97.0,1.0,55.72,33.65,1.75,48.25,0.0,91.82,1.2,4.0,96.0,79.45,86.05,92.35,2.0,0.48,2.62,0.36,0.48,0.05,0.02,10.06,8.49,4.27
14030523,81.28,1.35,0.0,1.75,96.5,1.75,81.28,1.35,0.0,2.0,97.0,1.0,55.65,34.1,2.5,97.5,0.0,91.75,1.2,4.0,96.0,78.8,85.8,91.85,1.95,0.0,0.0,0.0,0.0,0.0,0.0,10.24,9.01,4.63
14030524,82.33,1.23,0.0,1.33,96.78,1.89,82.33,1.23,0.0,2.0,97.0,1.0,55.8,33.65,2.0,98.0,0.0,91.85,1.2,4.0,96.0,81.0,87.2,92.9,1.8,0.0,0.0,0.0,0.0,0.0,0.0,9.22,7.98,4.43
14030525,83.45,0.82,0.0,1.91,97.36,0.73,83.45,0.82,0.0,2.0,97.0,1.0,55.6,34.05,2.5,97.5,0.0,92.0,1.2,4.4,95.6,80.75,87.05,92.75,1.9,0.48,2.5,0.39,0.48,0.05,0.02,9.25,8.1,4.34
14030526,80.6,1.14,0.0,1.0,98.0,1.0,80.6,1.14,0.0,2.0,97.0,1.0,55.5,33.85,2.5,97.5,0.0,91.7,1.2,4.0,96.0,79.0,86.1,91.77,1.93,0.0,0.0,0.0,0.0,0.0,0.0,9.93,9.13,4.81
14030527,80.3,1.0,0.0,2.0,97.0,1.0,80.3,1.0,0.0,2.0,97.0,1.0,55.3,33.67,2.33,64.33,0.0,91.4,1.2,3.17,80.17,79.47,85.67,92.77,1.83,0.64,3.4,0.53,0.63,0.07,0.03,10.72,7.98,4.4
14030528,82.99,1.03,0.0,1.86,97.14,1.0,82.99,1.03,0.0,2.0,97.0,1.0,55.75,33.45,2.5,97.5,0.0,91.22,1.2,3.8,96.2,80.8,86.5,93.4,2.0,0.0,0.0,0.0,0.0,0.0,0.0,9.87,7.33,3.67
14030529,83.89,0.98,0.0,1.8,97.3,0.9,83.89,0.98,0.0,2.0,97.0,1.0,55.37,33.43,2.33,64.33,0.0,91.16,1.2,4.0,96.0,78.95,86.1,91.7,2.0,0.0,0.0,0.0,0.0,0.0,0.0,9.85,9.2,4.65
14030530,83.65,0.87,0.0,1.83,97.17,1.0,83.65,0.87,0.0,2.0,97.0,1.0,55.47,33.5,2.0,64.67,0.0,91.2,1.2,4.25,95.75,79.8,86.3,92.5,1.9,0.0,0.0,0.0,0.0,0.0,0.0,9.94,8.36,4.4
14030531,83.59,0.97,0.0,2.0,97.14,0.86,83.59,0.97,0.0,2.0,97.0,1.0,55.25,33.45,2.5,97.5,0.0,91.15,1.2,4.0,96.0,80.9,86.6,93.4,1.75,0.48,2.67,0.44,0.48,0.05,0.02,10.02,7.33,4.19
14030601,83.78,0.82,0.0,2.0,97.25,0.75,83.78,0.82,0.0,2.0,97.0,1.0,54.4,33.65,3.0,97.0,0.0,91.33,1.22,3.86,84.26,76.95,85.3,90.2,1.8,0.48,2.73,0.38,0.5,0.05,0.02,10.51,10.74,5.96
14030602,81.69,1.22,0.13,2.14,96.18,1.68,84.34,1.08,0.1,2.29,96.54,1.17,55.3,34.4,4.0,96.0,0.0,91.33,1.22,3.86,84.26,78.97,86.43,91.37,1.97,0.0,0.0,0.0,0.0,0.0,0.0,9.46,9.61,5.1
14030603,80.0,0.8,0.0,3.0,97.0,0.0,80.0,0.8,0.0,2.0,97.0,1.0,55.25,33.25,1.5,48.5,0.0,91.33,1.22,3.86,84.26,78.8,86.4,91.2,1.85,0.95,5.6,0.83,1.02,0.08,0.04,9.57,9.78,5.29
14030604,81.69,1.22,0.13,2.14,96.18,1.68,84.34,1.08,0.1,2.29,96.54,1.17,57.7,32.9,3.0,97.0,0.0,91.33,1.22,3.86,84.26,78.05,85.45,91.3,1.85,0.48,2.64,0.41,0.48,0.05,0.02,10.58,9.52,5.15
14030605,81.69,1.22,0.13,2.14,96.18,1.68,84.34,1.08,0.1,2.29,96.54,1.17,58.7,33.3,4.0,96.0,0.0,91.9,1.8,4.0,96.0,81.85,88.15,92.85,2.55,0.42,2.34,0.76,0.48,0.02,0.02,7.5,8.1,3.2
14030606,84.11,0.92,0.0,2.12,97.25,0.62,84.11,0.92,0.0,2.0,97.0,1.0,55.07,33.61,2.68,82.3,0.14,91.5,1.2,4.5,95.5,79.97,87.57,91.33,2.03,0.0,0.0,0.0,0.0,0.0,0.0,8.22,9.78,4.93
14030607,83.33,0.94,0.0,2.0,97.29,0.71,83.33,0.94,0.0,2.0,97.0,1.0,55.07,33.61,2.68,82.3,0.14,91.92,1.2,4.0,96.0,79.03,86.2,91.67,2.1,0.36,1.64,0.38,0.32,0.0,0.03,9.65,9.22,4.47
14030608,84.06,0.94,0.0,2.8,96.8,0.4,84.06,0.94,0.0,2.0,97.0,1.0,55.07,33.61,2.68,82.3,0.14,91.82,1.2,4.75,95.25,79.5,86.5,92.0,1.8,0.96,5.27,0.97,0.94,0.09,0.04,9.69,9.01,5.0
14030609,81.69,1.22,0.13,2.14,96.18,1.68,84.34,1.08,0.1,2.29,96.54,1.17,55.07,33.61,2.68,82.3,0.14,91.7,1.2,4.5,95.5,80.8,87.6,92.2,2.6,0.0,0.0,0.0,0.0,0.0,0.0,7.85,8.75,3.36
14030610,81.69,1.22,0.13,2.14,96.18,1.68,84.34,1.08,0.1,2.29,96.54,1.17,55.07,33.61,2.68,82.3,0.14,91.38,1.2,4.25,95.75,80.53,87.37,92.17,0.77,0.32,1.78,0.31,0.32,0.03,0.01,9.91,8.79,1.44
14030611,81.69,1.22,0.13,2.14,96.18,1.68,84.34,1.08,0.1,2.29,96.54,1.17,55.07,33.61,2.68,82.3,0.14,91.53,1.2,5.0,95.0,81.8,87.8,93.17,0.0,0.3,1.53,0.62,0.35,0.01,0.03,10.48,7.72,0.0
14030612,81.69,1.22,0.13,2.14,96.18,1.68,84.34,1.08,0.1,2.29,96.54,1.17,55.07,33.61,2.68,82.3,0.14,91.33,1.22,3.86,84.26,81.2,87.6,92.7,0.0,0.0,0.0,0.0,0.0,0.0,0.0,10.57,8.23,0.0
14030613,81.69,1.22,0.13,2.14,96.18,1.68,84.34,1.08,0.1,2.29,96.54,1.17,55.07,33.61,2.68,82.3,0.14,91.93,1.2,2.67,64.0,79.95,86.25,92.7,0.0,0.0,0.0,0.0,0.0,0.0,0.0,11.95,8.1,0.0
14030614,81.69,1.22,0.13,2.14,96.18,1.68,84.34,1.08,0.1,2.29,96.54,1.17,55.07,33.61,2.68,82.3,0.14,91.33,1.22,3.86,84.26,79.57,86.93,91.5,1.57,0.32,1.76,0.28,0.31,0.03,0.01,9.39,9.48,2.45
14030615,81.69,1.22,0.13,2.14,96.18,1.68,84.34,1.08,0.1,2.29,96.54,1.17,55.07,33.61,2.68,82.3,0.14,91.55,1.2,4.0,96.0,80.32,86.3,93.02,2.02,0.24,1.23,0.23,0.24,0.02,0.01,9.96,7.69,3.85
14030616,81.69,1.22,0.13,2.14,96.18,1.68,84.34,1.08,0.1,2.29,96.54,1.17,55.07,33.61,2.68,82.3,0.14,91.4,1.2,2.17,47.83,82.35,87.6,94.0,1.9,0.0,0.0,0.0,0.0,0.0,0.0,9.0,6.75,3.67
14030617,81.69,1.22,0.13,2.14,96.18,1.68,84.34,1.08,0.1,2.29,96.54,1.17,55.07,33.61,2.68,82.3,0.14,91.58,1.2,3.0,72.0,80.83,87.37,92.5,1.9,0.3,1.77,0.41,0.33,0.02,0.02,8.86,8.4,4.51
14030618,81.69,1.22,0.13,2.14,96.18,1.68,84.34,1.08,0.1,2.29,96.54,1.17,55.07,33.61,2.68,82.3,0.14,91.85,1.2,5.0,95.0,80.17,87.73,91.37,1.9,0.57,3.28,1.03,0.66,0.03,0.03,8.2,9.73,5.15
14030619,84.05,1.1,0.0,2.5,97.0,0.5,84.05,1.1,0.0,2.0,97.0,1.0,55.07,33.61,2.68,82.3,0.14,91.4,1.2,4.0,96.0,80.8,86.97,92.9,2.3,0.0,0.0,0.0,0.0,0.0,0.0,8.97,7.93,3.51
14030620,82.8,1.1,0.0,1.5,97.5,1.0,82.8,1.1,0.0,2.0,97.0,1.0,55.07,33.61,2.68,82.3,0.14,92.0,1.2,4.0,96.0,82.5,87.55,94.25,1.65,0.92,5.47,1.12,1.0,0.08,0.04,9.35,6.5,3.97
14030621,81.69,1.22,0.13,2.14,96.18,1.68,84.34,1.08,0.1,2.29,96.54,1.17,55.07,33.61,2.68,82.3,0.14,91.88,1.3,4.0,96.0,81.45,88.0,92.55,1.65,0.45,2.72,0.64,0.5,0.03,0.02,8.47,8.43,5.05
14030622,81.69,1.22,0.13,2.14,96.18,1.68,84.34,1.08,0.1,2.29,96.54,1.17,55.07,33.61,2.68,82.3,0.14,91.79,1.2,2.29,54.86,80.9,86.87,93.13,2.03,0.0,0.0,0.0,0.0,0.0,0.0,9.39,7.68,3.79
14030623,81.69,1.22,0.13,2.14,96.18,1.68,84.34,1.08,0.1,2.29,96.54,1.17,55.07,33.61,2.68,82.3,0.14,91.83,1.2,3.0,63.67,81.25,87.65,92.7,1.8,0.0,0.0,0.0,0.0,0.0,0.0,8.72,8.23,4.59
14030624,81.69,1.22,0.13,2.14,96.18,1.68,84.34,1.08,0.1,2.29,96.54,1.17,55.07,33.61,2.68,82.3,0.14,91.77,1.2,3.0,63.67,80.6,86.85,92.8,1.95,0.45,2.64,0.56,0.48,0.04,0.02,9.41,8.04,4.13
14030625,81.69,1.22,0.13,2.14,96.18,1.68,84.34,1.08,0.1,2.29,96.54,1.17,55.07,33.61,2.68,82.3,0.14,91.77,1.2,2.33,64.33,80.8,86.75,93.15,1.65,0.48,2.72,0.5,0.5,0.04,0.02,9.9,7.65,4.63
14030626,81.69,1.22,0.13,2.14,96.18,1.68,84.34,1.08,0.1,2.29,96.54,1.17,57.7,32.6,2.0,98.0,0.0,91.6,1.2,3.5,96.5,80.0,86.55,92.45,2.0,0.0,0.0,0.0,0.0,0.0,0.0,9.57,8.43,4.21
14030627,82.1,1.0,0.0,2.5,97.0,0.5,82.1,1.0,0.0,2.0,97.0,1.0,56.8,32.0,2.0,98.0,0.0,91.37,1.2,4.0,96.0,77.63,86.1,90.15,1.68,0.44,2.51,0.53,0.46,0.05,0.02,9.79,10.89,6.5
14030628,81.69,1.22,0.13,2.14,96.18,1.68,84.34,1.08,0.1,2.29,96.54,1.17,55.9,34.1,4.0,96.0,0.0,91.45,1.2,3.0,72.0,78.5,86.2,91.1,1.8,0.0,0.0,0.0,0.0,0.0,0.0,9.79,9.91,5.5
14030629,83.51,0.93,0.0,2.71,96.71,0.57,83.51,0.93,0.0,2.0,97.0,1.0,56.45,32.25,3.5,96.5,0.0,91.18,1.2,1.4,38.6,78.5,86.3,91.0,1.6,0.0,0.0,0.0,0.0,0.0,0.0,9.86,10.04,6.27
14030630,81.69,1.22,0.13,2.14,96.18,1.68,84.34,1.08,0.1,2.29,96.54,1.17,55.35,34.05,3.5,96.5,0.0,90.9,1.2,4.0,96.0,79.7,86.65,91.95,1.95,0.0,0.0,0.0,0.0,0.0,0.0,9.41,8.94,4.61
14030631,81.69,1.22,0.13,2.14,96.18,1.68,84.34,1.08,0.1,2.29,96.54,1.17,56.2,32.5,3.5,96.5,0.0,91.7,1.2,3.5,96.5,80.07,86.43,92.63,1.9,0.32,1.52,0.23,0.3,0.04,0.01,9.84,8.19,4.35
14030701,81.69,1.22,0.13,2.14,96.18,1.68,84.34,1.08,0.1,2.29,96.54,1.17,56.85,32.35,4.0,96.0,0.0,91.63,1.2,4.0,96.0,80.8,86.93,92.93,1.93,0.3,1.59,0.34,0.3,0.03,0.01,9.38,7.89,4.09
14030702,83.29,0.98,0.0,2.75,97.0,0.25,83.29,0.98,0.0,2.0,97.0,1.0,55.67,32.47,4.67,95.33,0.0,91.83,1.2,3.67,96.33,79.15,86.65,91.35,1.6,0.0,0.0,0.0,0.0,0.0,0.0,9.6,9.65,6.26
14030703,81.1,0.9,0.0,2.5,97.0,0.5,81.1,0.9,0.0,2.0,97.0,1.0,55.37,32.9,3.0,97.0,0.0,91.5,1.2,4.33,95.67,79.2,86.45,91.65,1.9,0.46,2.25,0.42,0.44,0.06,0.02,9.57,9.33,4.91
14030704,81.69,1.22,0.13,2.14,96.18,1.68,84.34,1.08,0.1,2.29,96.54,1.17,58.0,32.75,3.0,97.0,0.0,91.4,1.2,4.33,95.67,80.83,86.73,93.2,1.97,0.31,1.64,0.31,0.31,0.03,0.01,9.61,7.59,3.85
14030705,81.69,1.22,0.13,2.14,96.18,1.68,84.34,1.08,0.1,2.29,96.54,1.17,56.05,32.7,1.75,48.25,0.0,91.38,1.2,2.2,57.8,78.6,86.6,90.8,1.9,0.0,0.0,0.0,0.0,0.0,0.0,9.21,10.29,5.42
14030706,81.69,1.22,0.13,2.14,96.18,1.68,84.34,1.08,0.1,2.29,96.54,1.17,50.6,36.3,3.0,97.0,0.0,91.5,1.2,4.0,96.0,79.6,86.45,92.1,2.15,0.0,0.0,0.0,0.0,0.0,0.0,9.44,8.81,4.12
14030707,81.69,1.22,0.13,2.14,96.18,1.68,84.34,1.08,0.1,2.29,96.54,1.17,57.37,32.87,2.0,97.67,0.33,91.53,1.2,4.33,95.67,80.13,86.6,92.53,2.03,0.31,1.59,0.32,0.31,0.03,0.02,9.51,8.32,4.08
14030708,81.69,1.22,0.13,2.14,96.18,1.68,84.34,1.08,0.1,2.29,96.54,1.17,57.6,32.73,3.0,97.0,0.0,91.32,1.2,4.0,96.0,79.9,86.37,92.5,2.2,0.31,1.61,0.34,0.31,0.03,0.01,9.58,8.32,3.78
14030709,81.69,1.22,0.13,2.14,96.18,1.68,84.34,1.08,0.1,2.29,96.54,1.17,56.37,32.93,3.33,96.67,0.0,92.65,1.1,3.75,96.25,80.1,86.35,92.8,2.1,0.48,2.56,0.42,0.48,0.05,0.02,9.76,8.04,3.84
14030710,81.69,1.22,0.13,2.14,96.18,1.68,84.34,1.08,0.1,2.29,96.54,1.17,54.6,34.5,3.33,96.67,0.0,92.58,1.3,3.5,96.5,80.7,86.5,93.3,2.1,0.0,0.0,0.0,0.0,0.0,0.0,9.74,7.46,3.55
14030711,81.69,1.22,0.13,2.14,96.18,1.68,84.34,1.08,0.1,2.29,96.54,1.17,55.07,33.61,2.68,82.3,0.14,91.33,1.22,3.86,84.26,80.53,86.5,93.1,1.87,0.3,1.48,0.32,0.3,0.03,0.01,9.92,7.68,4.13
14030712,81.69,1.22,0.13,2.14,96.18,1.68,84.34,1.08,0.1,2.29,96.54,1.17,55.4,33.1,2.5,97.5,0.0,92.53,1.73,3.67,96.33,80.17,86.0,93.2,1.87,0.3,1.67,0.36,0.32,0.03,0.01,10.46,7.5,4.03
14030713,81.69,1.22,0.13,2.14,96.18,1.68,84.34,1.08,0.1,2.29,96.54,1.17,56.35,32.8,3.0,97.0,0.0,92.1,1.2,4.5,95.5,80.5,86.4,93.13,2.0,0.0,0.0,0.0,0.0,0.0,0.0,9.91,7.59,3.8
14030714,81.69,1.22,0.13,2.14,96.18,1.68,84.34,1.08,0.1,2.29,96.54,1.17,54.73,34.3,3.0,97.0,0.0,92.52,1.2,7.4,72.6,81.0,86.4,93.7,1.9,0.92,5.06,0.97,0.96,0.1,0.04,10.15,6.95,3.66
14030715,81.69,1.22,0.13,2.14,96.18,1.68,84.34,1.08,0.1,2.29,96.54,1.17,54.8,34.5,3.33,96.67,0.0,91.92,1.2,9.6,70.4,80.2,86.8,92.4,2.1,0.0,0.0,0.0,0.0,0.0,0.0,9.21,8.49,4.04
14030716,81.69,1.22,0.13,2.14,96.18,1.68,84.34,1.08,0.1,2.29,96.54,1.17,55.13,34.1,3.67,96.33,0.0,91.92,1.2,3.6,76.4,79.7,86.47,92.17,2.0,0.32,1.54,0.25,0.3,0.03,0.01,9.59,8.71,4.35
14030717,81.65,0.95,0.0,2.5,97.0,0.5,81.65,0.95,0.0,2.0,97.0,1.0,55.6,34.05,3.0,97.0,0.0,91.62,1.2,4.0,96.0,80.53,86.68,92.88,1.98,0.24,1.27,0.25,0.24,0.02,0.01,9.59,7.91,4.02
14030718,83.47,0.97,0.0,2.33,97.0,0.67,83.47,0.97,0.0,2.0,97.0,1.0,55.3,34.1,3.0,97.0,0.0,91.6,1.2,4.25,95.75,78.1,86.23,90.53,1.87,0.32,1.72,0.28,0.32,0.03,0.01,9.57,10.46,5.63
14030719,82.7,1.1,0.0,2.67,97.33,0.0,82.7,1.1,0.0,2.0,97.0,1.0,54.4,34.25,3.0,97.0,0.0,92.48,1.3,3.0,72.0,79.53,85.7,92.8,2.07,0.33,1.73,0.26,0.32,0.03,0.01,10.47,7.93,3.84
14030720,81.69,1.22,0.13,2.14,96.18,1.68,84.34,1.08,0.1,2.29,96.54,1.17,54.2,34.9,2.0,98.0,0.0,92.1,1.2,4.0,96.0,80.57,86.3,93.33,1.93,0.0,0.0,0.0,0.0,0.0,0.0,10.12,7.38,3.83
14030721,81.69,1.22,0.13,2.14,96.18,1.68,84.34,1.08,0.1,2.29,96.54,1.17,55.65,32.45,3.5,96.5,0.0,92.4,1.2,3.0,77.0,80.73,86.57,93.3,2.0,0.32,1.67,0.22,0.31,0.04,0.01,9.76,7.5,3.75
14030722,83.54,1.08,0.0,2.6,97.2,0.2,83.54,1.08,0.0,2.0,97.0,1.0,54.93,34.2,3.67,96.33,0.0,92.18,1.28,3.4,76.6,79.75,85.95,92.8,2.0,0.48,2.79,0.4,0.5,0.05,0.02,10.27,7.98,3.99
14030723,83.35,1.15,0.0,2.5,97.5,0.0,83.35,1.15,0.0,2.0,97.0,1.0,54.7,34.33,3.0,97.0,0.0,92.16,1.28,3.4,76.6,79.4,85.37,93.0,2.0,0.0,0.0,0.0,0.0,0.0,0.0,10.92,7.68,3.85
14030724,82.63,1.17,0.0,2.33,97.67,0.0,82.63,1.17,0.0,2.0,97.0,1.0,54.93,33.93,3.67,96.33,0.0,92.03,1.2,3.5,79.83,80.43,85.97,93.6,2.1,0.32,1.67,0.26,0.31,0.04,0.01,10.35,7.12,3.44
14030725,82.0,1.0,0.0,2.33,97.67,0.0,82.0,1.0,0.0,2.0,97.0,1.0,55.27,33.67,3.0,97.0,0.0,91.92,1.2,4.0,96.0,80.03,86.53,92.47,1.83,0.32,1.76,0.27,0.32,0.03,0.01,9.77,8.36,4.56
14030726,83.4,1.0,0.0,2.29,97.57,0.14,83.4,1.0,0.0,2.0,97.0,1.0,55.2,34.0,4.0,96.0,0.0,91.68,1.2,5.25,94.75,80.5,86.6,92.95,1.75,0.0,0.0,0.0,0.0,0.0,0.0,9.9,7.85,4.48
14030727,81.69,1.22,0.13,2.14,96.18,1.68,84.34,1.08,0.1,2.29,96.54,1.17,54.4,33.85,2.0,98.0,0.0,91.4,1.2,3.5,96.5,80.83,87.1,92.8,2.03,0.0,0.0,0.0,0.0,0.0,0.0,9.07,8.06,3.98
14030728,81.69,1.22,0.13,2.14,96.18,1.68,84.34,1.08,0.1,2.29,96.54,1.17,56.4,32.97,2.33,97.67,0.0,92.02,1.8,5.25,94.75,79.97,86.43,92.53,1.9,0.32,1.87,0.23,0.33,0.03,0.01,9.81,8.32,4.38
14030729,82.42,1.01,0.0,2.22,97.44,0.33,82.42,1.01,0.0,2.0,97.0,1.0,54.87,33.63,3.33,96.67,0.0,91.92,1.2,3.17,80.17,79.5,85.9,92.55,1.75,0.0,0.0,0.0,0.0,0.0,0.0,10.52,8.23,4.72
14030730,82.0,1.03,0.0,2.0,97.67,0.33,82.0,1.03,0.0,2.0,97.0,1.0,54.9,33.55,3.5,96.5,0.0,91.94,1.2,3.0,77.0,78.6,86.3,91.05,1.9,0.46,2.4,0.5,0.46,0.04,0.02,9.59,9.91,5.29
14030801,82.45,1.1,0.0,2.0,97.5,0.5,82.45,1.1,0.0,2.0,97.0,1.0,55.4,33.7,4.0,96.0,0.0,91.78,1.2,3.6,76.4,79.77,86.23,92.5,1.77,0.31,1.74,0.32,0.32,0.03,0.01,10.15,8.32,4.78
14030802,81.9,1.0,0.0,2.0,98.0,0.0,81.9,1.0,0.0,2.0,97.0,1.0,54.45,34.05,3.5,96.5,0.0,91.82,1.2,3.6,76.4,82.2,87.7,93.7,1.7,0.93,4.87,0.84,0.93,0.1,0.04,9.02,7.08,4.16
14030803,81.69,1.22,0.13,2.14,96.18,1.68,84.34,1.08,0.1,2.29,96.54,1.17,55.07,33.61,2.68,82.3,0.14,91.33,1.22,3.86,84.26,80.55,86.6,93.0,1.82,0.24,1.26,0.2,0.24,0.03,0.01,9.84,7.78,4.28
14030804,81.69,1.22,0.13,2.14,96.18,1.68,84.34,1.08,0.1,2.29,96.54,1.17,55.07,33.61,2.68,82.3,0.14,91.33,1.22,3.86,84.26,80.53,86.3,93.3,1.63,0.0,0.0,0.0,0.0,0.0,0.0,10.41,7.42,4.58
14030805,81.69,1.22,0.13,2.14,96.18,1.68,84.34,1.08,0.1,2.29,96.54,1.17,55.1,33.5,3.0,97.0,0.0,91.3,1.2,4.75,95.25,79.55,86.0,92.5,1.6,0.48,2.62,0.32,0.48,0.05,0.02,10.55,8.3,5.2
14030806,81.69,1.22,0.13,2.14,96.18,1.68,84.34,1.08,0.1,2.29,96.54,1.17,55.15,33.75,2.5,97.5,0.0,90.47,1.2,4.33,95.67,80.6,86.9,92.8,1.9,0.0,0.0,0.0,0.0,0.0,0.0,9.4,8.1,4.27
14030807,81.69,1.22,0.13,2.14,96.18,1.68,84.34,1.08,0.1,2.29,96.54,1.17,55.4,33.3,4.0,96.0,0.0,91.48,1.44,3.2,76.8,79.63,86.77,91.77,1.47,0.32,1.81,0.23,0.33,0.04,0.01,9.72,9.18,6.35
14030808,81.69,1.22,0.13,2.14,96.18,1.68,84.34,1.08,0.1,2.29,96.54,1.17,54.7,34.25,3.0,97.0,0.0,90.77,1.13,3.0,80.33,79.92,86.44,92.44,1.78,0.2,0.86,0.12,0.17,0.02,0.01,9.91,8.39,4.84
14030809,81.69,1.22,0.13,2.14,96.18,1.68,84.34,1.08,0.1,2.29,96.54,1.17,55.3,34.1,3.0,97.0,0.0,91.64,1.28,3.2,76.8,80.03,86.63,92.37,1.87,0.0,0.0,0.0,0.0,0.0,0.0,9.61,8.49,4.54
14030810,81.69,1.22,0.13,2.14,96.18,1.68,84.34,1.08,0.1,2.29,96.54,1.17,54.6,34.0,3.0,97.0,0.0,91.3,1.36,3.0,77.0,78.93,86.27,91.47,1.93,0.32,1.79,0.28,0.33,0.03,0.01,9.7,9.43,4.89
14030811,81.69,1.22,0.13,2.14,96.18,1.68,84.34,1.08,0.1,2.29,96.54,1.17,54.9,33.8,0.0,0.0,0.0,91.33,1.22,3.86,84.26,80.7,86.4,93.4,1.9,0.0,0.0,0.0,0.0,0.0,0.0,10.07,7.33,3.87
14030812,81.69,1.22,0.13,2.14,96.18,1.68,84.34,1.08,0.1,2.29,96.54,1.17,54.85,33.95,1.5,48.5,0.0,91.7,1.2,2.5,97.5,79.35,86.2,92.05,1.8,0.48,2.35,0.44,0.46,0.05,0.02,10.04,8.81,4.89
14030813,81.69,1.22,0.13,2.14,96.18,1.68,84.34,1.08,0.1,2.29,96.54,1.17,54.6,33.98,2.0,73.0,0.0,92.0,1.4,4.0,96.0,79.17,86.5,91.53,2.0,0.32,1.68,0.28,0.32,0.03,0.01,9.4,9.43,4.74
14030814,81.69,1.22,0.13,2.14,96.18,1.68,84.34,1.08,0.1,2.29,96.54,1.17,54.65,33.75,2.5,97.5,0.0,91.75,1.2,4.0,96.0,79.9,86.63,92.23,2.17,0.0,0.0,0.0,0.0,0.0,0.0,9.27,8.66,4.1
14030815,81.69,1.22,0.13,2.14,96.18,1.68,84.34,1.08,0.1,2.29,96.54,1.17,56.6,38.2,3.0,97.0,0.0,91.6,1.33,4.0,96.0,80.83,87.67,92.2,1.87,0.32,1.68,0.26,0.31,0.03,0.01,8.51,8.79,4.75
14030816,81.69,1.22,0.13,2.14,96.18,1.68,84.34,1.08,0.1,2.29,96.54,1.17,55.4,35.15,1.0,49.0,0.0,91.97,1.2,4.33,95.67,79.42,85.92,92.44,1.7,0.19,1.03,0.16,0.19,0.02,0.01,10.52,8.36,4.93
14030817,81.69,1.22,0.13,2.14,96.18,1.68,84.34,1.08,0.1,2.29,96.54,1.17,54.8,34.47,2.0,64.67,0.0,91.7,1.2,4.67,95.33,78.82,85.52,92.18,1.85,0.24,1.31,0.21,0.24,0.02,0.01,10.71,8.62,4.72
14030818,81.69,1.22,0.13,2.14,96.18,1.68,84.34,1.08,0.1,2.29,96.54,1.17,54.2,34.1,5.0,95.0,0.0,91.1,1.2,4.0,96.0,79.12,86.25,91.72,1.9,0.0,0.0,0.0,0.0,0.0,0.0,9.81,9.17,4.84
14030819,81.69,1.22,0.13,2.14,96.18,1.68,84.34,1.08,0.1,2.29,96.54,1.17,55.2,34.0,3.0,97.0,0.0,92.37,1.07,2.67,97.33,80.0,86.16,92.86,1.78,0.0,0.0,0.0,0.0,0.0,0.0,10.3,7.92,4.44
14030820,81.69,1.22,0.13,2.14,96.18,1.68,84.34,1.08,0.1,2.29,96.54,1.17,54.95,34.0,3.5,96.5,0.0,91.8,1.2,3.0,97.0,79.8,86.5,92.25,1.9,0.49,2.64,0.42,0.48,0.05,0.02,9.68,8.62,4.54
14030821,81.69,1.22,0.13,2.14,96.18,1.68,84.34,1.08,0.1,2.29,96.54,1.17,55.15,34.15,2.5,97.5,0.0,91.7,0.8,4.5,95.5,76.73,85.47,89.8,1.87,0.31,1.66,0.3,0.31,0.03,0.01,10.16,11.24,6.02
14030822,81.69,1.22,0.13,2.14,96.18,1.68,84.34,1.08,0.1,2.29,96.54,1.17,54.5,33.9,2.0,98.0,0.0,91.7,0.93,4.0,96.0,80.67,87.4,92.27,1.5,0.0,0.0,0.0,0.0,0.0,0.0,9.17,8.66,5.8
14030823,81.69,1.22,0.13,2.14,96.18,1.68,84.34,1.08,0.1,2.29,96.54,1.17,54.92,36.25,3.25,96.75,0.0,91.95,1.0,4.0,96.0,79.49,86.54,91.84,1.83,0.13,0.74,0.12,0.14,0.02,0.01,9.61,9.08,4.99
14030824,81.69,1.22,0.13,2.14,96.18,1.68,84.34,1.08,0.1,2.29,96.54,1.17,53.35,35.7,3.5,96.5,0.0,91.73,1.2,3.67,96.33,80.14,86.72,92.4,1.83,0.24,1.31,0.22,0.24,0.02,0.01,9.56,8.47,4.58
14030825,81.69,1.22,0.13,2.14,96.18,1.68,84.34,1.08,0.1,2.29,96.54,1.17,54.6,33.6,4.0,96.0,0.0,91.9,1.2,5.0,95.0,79.55,86.25,92.22,1.88,0.0,0.0,0.0,0.0,0.0,0.0,9.96,8.62,4.69
14030826,81.69,1.22,0.13,2.14,96.18,1.68,84.34,1.08,0.1,2.29,96.54,1.17,54.9,33.6,2.0,48.0,0.0,92.25,1.2,4.5,95.5,81.6,87.57,93.17,1.87,0.29,1.55,0.32,0.31,0.03,0.01,8.86,7.68,4.22
14030827,81.69,1.22,0.13,2.14,96.18,1.68,84.34,1.08,0.1,2.29,96.54,1.17,55.05,33.5,3.5,96.5,0.0,91.47,1.2,4.33,95.67,80.5,87.43,92.1,1.92,0.22,1.14,0.23,0.22,0.03,0.01,8.67,8.91,4.77
14030828,81.69,1.22,0.13,2.14,96.18,1.68,84.34,1.08,0.1,2.29,96.54,1.17,55.07,34.43,3.0,97.0,0.0,91.15,1.2,3.5,96.5,81.03,86.85,93.28,2.0,0.24,1.24,0.21,0.24,0.03,0.01,9.48,7.49,3.8
14030829,81.69,1.22,0.13,2.14,96.18,1.68,84.34,1.08,0.1,2.29,96.54,1.17,55.05,34.3,2.0,98.0,0.0,90.6,1.8,3.5,96.5,81.05,86.5,93.7,2.0,0.0,0.0,0.0,0.0,0.0,0.0,9.94,7.01,3.52
14030830,81.69,1.22,0.13,2.14,96.18,1.68,84.34,1.08,0.1,2.29,96.54,1.17,55.9,34.35,2.5,97.5,0.0,91.05,1.0,4.25,95.75,80.55,87.0,92.58,1.8,0.22,1.19,0.25,0.24,0.02,0.01,9.35,8.3,4.72
14030901,81.69,1.22,0.13,2.14,96.18,1.68,84.34,1.08,0.1,2.29,96.54,1.17,53.7,35.55,3.5,96.5,0.0,91.13,0.93,4.0,96.0,80.14,87.0,92.14,1.82,0.19,1.01,0.19,0.19,0.02,0.01,9.21,8.83,4.88
14030902,81.69,1.22,0.13,2.14,96.18,1.68,84.34,1.08,0.1,2.29,96.54,1.17,55.8,34.1,2.5,97.5,0.0,91.45,1.2,4.5,95.5,80.5,86.87,92.67,1.83,0.0,0.0,0.0,0.0,0.0,0.0,9.48,8.19,4.52
14030903,81.69,1.22,0.13,2.14,96.18,1.68,84.34,1.08,0.1,2.29,96.54,1.17,54.35,35.45,3.5,96.5,0.0,91.33,1.2,3.67,79.67,79.17,86.43,91.6,1.97,0.31,1.69,0.25,0.32,0.03,0.01,9.52,9.35,4.86
14030904,81.69,1.22,0.13,2.14,96.18,1.68,84.34,1.08,0.1,2.29,96.54,1.17,54.57,35.3,3.0,97.0,0.0,91.1,1.2,4.2,95.8,79.57,86.17,92.33,2.0,0.0,0.0,0.0,0.0,0.0,0.0,9.94,8.49,4.31
14030905,81.69,1.22,0.13,2.14,96.18,1.68,84.34,1.08,0.1,2.29,96.54,1.17,54.35,34.8,3.5,96.5,0.0,90.52,1.2,4.4,95.6,80.07,86.43,92.63,1.97,0.0,0.0,0.0,0.0,0.0,0.0,9.78,8.19,4.21
14030906,81.69,1.22,0.13,2.14,96.18,1.68,84.34,1.08,0.1,2.29,96.54,1.17,55.1,34.75,2.5,97.5,0.0,90.86,1.2,4.2,95.8,80.3,86.8,92.5,1.75,0.48,2.49,0.43,0.47,0.04,0.02,9.59,8.36,4.77
14030907,81.69,1.22,0.13,2.14,96.18,1.68,84.34,1.08,0.1,2.29,96.54,1.17,55.4,34.35,2.0,98.0,0.0,91.08,1.04,4.0,96.0,81.4,87.27,93.3,2.0,0.0,0.0,0.0,0.0,0.0,0.0,9.05,7.55,3.86
14030908,81.69,1.22,0.13,2.14,96.18,1.68,84.34,1.08,0.1,2.29,96.54,1.17,55.8,33.8,2.5,97.5,0.0,90.52,0.9,4.0,96.0,80.2,87.17,92.0,2.17,0.32,1.59,0.31,0.29,0.03,0.01,8.67,8.96,4.12
14030909,81.69,1.22,0.13,2.14,96.18,1.68,84.34,1.08,0.1,2.29,96.54,1.17,56.1,34.3,2.0,98.0,0.0,90.2,0.8,3.0,97.0,80.62,87.1,92.55,1.98,0.0,0.0,0.0,0.0,0.0,0.0,9.07,8.33,4.21
14030910,81.69,1.22,0.13,2.14,96.18,1.68,75.95,1.4,0.0,2.5,96.5,1.0,55.63,33.27,2.33,64.33,0.0,90.8,1.2,2.75,72.25,78.63,86.47,90.9,1.83,0.31,1.66,0.3,0.3,0.03,0.01,9.46,10.08,5.59
14030911,81.69,1.22,0.13,2.14,96.18,1.68,84.34,1.08,0.1,2.29,96.54,1.17,54.55,34.75,3.5,96.5,0.0,90.78,1.2,4.2,95.8,81.23,87.37,93.0,2.03,0.31,1.6,0.3,0.3,0.03,0.02,8.84,7.89,3.89
14030912,81.69,1.22,0.13,2.14,96.18,1.68,82.4,0.9,0.0,3.0,96.0,1.0,54.55,34.95,4.0,96.0,0.0,90.94,1.2,4.0,96.0,80.1,86.3,92.8,1.9,0.92,4.49,0.81,0.87,0.11,0.04,10.02,7.98,4.2
14030913,81.69,1.22,0.13,2.14,96.18,1.68,81.3,0.9,0.0,1.0,99.0,0.0,54.2,34.75,2.0,48.0,0.0,90.88,1.12,3.8,96.2,78.82,86.52,91.1,2.18,0.21,0.89,0.16,0.17,0.01,0.01,9.09,9.91,4.59
14030914,84.5,0.9,0.0,3.0,95.0,2.0,84.5,0.9,0.0,2.0,97.0,1.0,55.1,34.35,3.5,96.5,0.0,90.78,1.2,4.0,96.0,79.83,86.1,92.7,2.03,0.31,1.58,0.32,0.3,0.03,0.02,10.07,8.06,4.01
14030915,84.9,0.9,0.0,1.0,97.0,2.0,84.9,0.9,0.0,2.0,97.0,1.0,55.07,33.61,2.68,82.3,0.14,91.33,1.22,3.86,84.26,80.27,87.1,92.13,1.87,0.3,1.58,0.3,0.3,0.03,0.01,9.08,8.79,4.83
